Date,Mean discharge (Observed),Q sat discharge
1-1-2009,95,104.5999985
2-1-2009,138.1000061,101.8000031
3-1-2009,239,102
4-1-2009,178,108.6999969
5-1-2009,147.6999969,115.1999969
6-1-2009,132.3000031,120.0999985
7-1-2009,125.3000031,119.9000015
8-1-2009,121,117
9-1-2009,120.8000031,112.5
10-1-2009,119.6999969,108
11-1-2009,118.5999985,103.0999985
12-1-2009,117.5,99.31999969
13-1-2009,116.4000015,94.88999939
14-1-2009,118.5,92.69999695
15-1-2009,126.5,91.44000244
16-1-2009,139.1000061,90.75
17-1-2009,142.8000031,97.08000183
18-1-2009,146.1000061,104.1999969
19-1-2009,152.3000031,105.0999985
20-1-2009,154.6000061,103.5
21-1-2009,145,101.1999969
22-1-2009,124,99.37000275
23-1-2009,129.3999939,97.19999695
24-1-2009,147.8000031,93.23999786
25-1-2009,151.6000061,94.55999756
26-1-2009,149.5,93.26999664
27-1-2009,141.5,91.94999695
28-1-2009,126.6999969,90.83999634
29-1-2009,118.3000031,90.23999786
30-1-2009,137.6000061,88.97000122
31-1-2009,160.5,88.11000061
1-2-2009,163.3000031,86.55999756
2-2-2009,158.3000031,85.68000031
3-2-2009,143.3999939,84.69999695
4-2-2009,143.8000031,84.30999756
5-2-2009,152.6000061,84.59999847
6-2-2009,178.1999969,87.97000122
7-2-2009,189.8999939,89.90000153
8-2-2009,192.6000061,88.48999786
9-2-2009,185.5,88.51999664
10-2-2009,167.3999939,96.91000366
11-2-2009,151,137.3999939
12-2-2009,155.8999939,171.3000031
13-2-2009,189.6999969,160.8000031
14-2-2009,194.1000061,155.3999939
15-2-2009,195.1999969,157.6999969
16-2-2009,173.8999939,165.5
17-2-2009,152.3000031,169.3000031
18-2-2009,152.8999939,162.8999939
19-2-2009,182.8999939,151.8000031
20-2-2009,213.1000061,142.8000031
21-2-2009,215.6999969,139.3999939
22-2-2009,225.8000031,145.3999939
23-2-2009,219.8999939,164.5
24-2-2009,180.8000031,177.1999969
25-2-2009,180.5,177.5
26-2-2009,221.6999969,171.8999939
27-2-2009,231.6000061,166.3999939
28-2-2009,237.3999939,172.1000061
1-3-2009,234.8000031,186.6999969
2-3-2009,223.6000061,190.5
3-3-2009,208,184.1999969
4-3-2009,180.3999939,176.1000061
5-3-2009,198.1000061,169.5
6-3-2009,224.8999939,164.1999969
7-3-2009,270.6000061,170.3999939
8-3-2009,276.5,190.3000031
9-3-2009,268.7999878,210.8999939
10-3-2009,256.3999939,218.3000031
11-3-2009,248.8000031,214.3000031
12-3-2009,256.5,207.3000031
13-3-2009,278.2999878,202.6999969
14-3-2009,279.2000122,197.3999939
15-3-2009,296.2000122,189
16-3-2009,292.2999878,178.5
17-3-2009,279.7999878,168.3000031
18-3-2009,275.5,173.8999939
19-3-2009,310.7000122,199.8999939
20-3-2009,301.1000061,221.8999939
21-3-2009,287.7000122,228.6999969
22-3-2009,295,231.8999939
23-3-2009,298.5,235.6999969
24-3-2009,274.3999939,246
25-3-2009,259.5,248.8999939
26-3-2009,264.1000061,249.8000031
27-3-2009,276.6000061,247.5
28-3-2009,267.2000122,251
29-3-2009,272.1000061,250.5
30-3-2009,276.3999939,240.3999939
31-3-2009,272.5,240.6999969
1-4-2009,261,238.1999969
2-4-2009,264.7999878,234.5
3-4-2009,259.2999878,226.5
4-4-2009,264.1000061,222.3000031
5-4-2009,273.8999939,219.6999969
6-4-2009,271.7999878,221.8000031
7-4-2009,254.8000031,245
8-4-2009,246.3000031,252.5
9-4-2009,259.3999939,245.3999939
10-4-2009,265.3999939,239.5
11-4-2009,267.1000061,238.3000031
12-4-2009,276.2999878,242.3999939
13-4-2009,280.3999939,249.1000061
14-4-2009,265.2999878,254.6000061
15-4-2009,253.8999939,258.2999878
16-4-2009,238.6999969,252.6000061
17-4-2009,259,245.3999939
18-4-2009,270.1000061,239.6000061
19-4-2009,263.6000061,239.1999969
20-4-2009,271,247
21-4-2009,275.7999878,254.5
22-4-2009,270.7000122,257.7000122
23-4-2009,306.5,258.7999878
24-4-2009,314.5,263.2000122
25-4-2009,310.2999878,269.2999878
26-4-2009,305.1000061,271.7999878
27-4-2009,302.2000122,271.7000122
28-4-2009,305,266.6000061
29-4-2009,306.2999878,262.6000061
30-4-2009,284,259
1-5-2009,283.2999878,262.1000061
2-5-2009,284.6000061,274.1000061
3-5-2009,285.7999878,281.7999878
4-5-2009,287.1000061,286.2000122
5-5-2009,288.2999878,286.6000061
6-5-2009,289.6000061,282.6000061
7-5-2009,290.7999878,285.5
8-5-2009,292.1000061,293.2000122
9-5-2009,293.2999878,298.3999939
10-5-2009,294.6000061,299.7000122
11-5-2009,295.7999878,298.1000061
12-5-2009,297.1000061,292.1000061
13-5-2009,298.2999878,283.7999878
14-5-2009,299.6000061,275.2000122
15-5-2009,300.7999878,272.3999939
16-5-2009,302.1000061,271.3999939
17-5-2009,303.2999878,277.8999939
18-5-2009,304.6000061,285.5
19-5-2009,305.7999878,292.6000061
20-5-2009,307.1000061,298.5
21-5-2009,308.2999878,302.8999939
22-5-2009,309.6000061,301
23-5-2009,310.7999878,303.6000061
24-5-2009,312.1000061,307.2000122
25-5-2009,313.2999878,305.8999939
26-5-2009,314.6000061,298.5
27-5-2009,315.7999878,292.1000061
28-5-2009,317.1000061,287.7999878
29-5-2009,318.2999878,281.5
30-5-2009,319.6000061,275.2999878
31-5-2009,320.7999878,272
1-6-2009,320.2000122,277.2000122
2-6-2009,312,299.2999878
3-6-2009,300.7000122,306.8999939
4-6-2009,303.5,302.8999939
5-6-2009,347.1000061,297.2000122
6-6-2009,365,293.6000061
7-6-2009,370.5,300.8999939
8-6-2009,364.2999878,318.3999939
9-6-2009,353.8999939,326.2000122
10-6-2009,345.7999878,332.2000122
11-6-2009,350.5,317.1000061
12-6-2009,353,286.6000061
13-6-2009,352.5,274.2000122
14-6-2009,356.7999878,272.8999939
15-6-2009,361.2999878,298.6000061
16-6-2009,370.8999939,370.6000061
17-6-2009,375.3999939,397.7999878
18-6-2009,379.7000122,376.2999878
19-6-2009,399.5,368.7000122
20-6-2009,421.7000122,367.3999939
21-6-2009,410.1000061,364.3999939
22-6-2009,412.7999878,358.7000122
23-6-2009,411.5,352.3999939
24-6-2009,432.7999878,357.2999878
25-6-2009,486.2999878,383.3999939
26-6-2009,488.2999878,465
27-6-2009,458.6000061,462.8999939
28-6-2009,426.2999878,424.5
29-6-2009,409,395.2999878
30-6-2009,512.4000244,397.5
1-7-2009,542.9000244,449.5
2-7-2009,581.2000122,496.5
3-7-2009,570.2999878,520.5999756
4-7-2009,555.4000244,539.7999878
5-7-2009,517.4000244,543.2999878
6-7-2009,472.3999939,507.8999939
7-7-2009,411.8999939,496.8999939
8-7-2009,421.1000061,503.8999939
9-7-2009,442.7999878,508.7999878
10-7-2009,464.1000061,480.6000061
11-7-2009,427.7000122,483
12-7-2009,422.2999878,522.2999878
13-7-2009,400.8999939,562.5
14-7-2009,387.1000061,593
15-7-2009,394,583.7999878
16-7-2009,446.3999939,560.5
17-7-2009,451.2000122,542.4000244
18-7-2009,452,524.4000244
19-7-2009,451.1000061,512.9000244
20-7-2009,425.1000061,530.2000122
21-7-2009,418.7000122,585.7000122
22-7-2009,385.2000122,691.9000244
23-7-2009,424,579.2000122
24-7-2009,474,537.5999756
25-7-2009,490.7000122,566.5
26-7-2009,472.5,571.9000244
27-7-2009,470.1000061,535.9000244
28-7-2009,458.7000122,504.6000061
29-7-2009,500.8999939,545.2999878
30-7-2009,704.5,
31-7-2009,710.5,
1-8-2009,653.2999878,
2-8-2009,600.4000244,1171
3-8-2009,582.7000122,937.0999756
4-8-2009,573.9000244,837
5-8-2009,584.0999756,782.0999756
6-8-2009,665.9000244,730.4000244
7-8-2009,710.5,747.9000244
8-8-2009,806.2000122,870.7999878
9-8-2009,1347,1010
10-8-2009,1161,1205
11-8-2009,1042,1326
12-8-2009,848.2000122,1248
13-8-2009,826.2000122,1172
14-8-2009,805.7000122,1076
15-8-2009,803.5,1051
16-8-2009,889.7000122,1132
17-8-2009,1031,1200
18-8-2009,1047,1244
19-8-2009,1158,1326
20-8-2009,1173,1420
21-8-2009,1156,1501
22-8-2009,1097,1736
23-8-2009,1083,1823
24-8-2009,1163,1842
25-8-2009,1213,1903
26-8-2009,1302,1914
27-8-2009,1265,1943
28-8-2009,1125,1938
29-8-2009,964,1882
30-8-2009,855.2000122,1839
31-8-2009,831.9000244,1791
1-9-2009,864.4000244,1713
2-9-2009,850.5999756,1567
3-9-2009,988.0999756,1469
4-9-2009,1269,1555
5-9-2009,1369,1787
6-9-2009,1828,2043
7-9-2009,2485,2305
8-9-2009,2276,2709
9-9-2009,2335,2887
10-9-2009,2335,3009
11-9-2009,1938,2966
12-9-2009,1715,2807
13-9-2009,1627,2536
14-9-2009,1538,2445
15-9-2009,1452,2359
16-9-2009,1447,2322
17-9-2009,1461,2328
18-9-2009,1529,2386
19-9-2009,1697,2581
20-9-2009,1675,2862
21-9-2009,1539,2906
22-9-2009,1412,2802
23-9-2009,1428,2679
24-9-2009,1577,2649
25-9-2009,1528,2542
26-9-2009,1510,2317
27-9-2009,1481,2236
28-9-2009,1374,2159
29-9-2009,1262,2007
30-9-2009,1119,1854
1-10-2009,1049,1771
2-10-2009,1049,1641
3-10-2009,1055,1507
4-10-2009,1052,1409
5-10-2009,964.0999756,1373
6-10-2009,848.4000244,1363
7-10-2009,824.2999878,1327
8-10-2009,846.7999878,1210
9-10-2009,842.2000122,1156
10-10-2009,748.0999756,1109
11-10-2009,722,1036
12-10-2009,651.2000122,951.5999756
13-10-2009,576.2999878,887
14-10-2009,547.2999878,830.2000122
15-10-2009,560.5999756,796.9000244
16-10-2009,550.5,790.7999878
17-10-2009,557.5999756,785.7000122
18-10-2009,580.2000122,782.9000244
19-10-2009,587.2000122,795.0999756
20-10-2009,572.2999878,789
21-10-2009,548.5,727
22-10-2009,522.5999756,642.7999878
23-10-2009,507.3999939,616
24-10-2009,481.3999939,585.4000244
25-10-2009,463.7000122,567.5999756
26-10-2009,473.5,563.9000244
27-10-2009,453.5,556.2000122
28-10-2009,418.7000122,545
29-10-2009,443.7000122,538.5999756
30-10-2009,440.6000061,535.2999878
31-10-2009,422.7000122,523.0999756
1-11-2009,404.7999878,513.7000122
2-11-2009,371.7000122,513.5
3-11-2009,325.5,528.7999878
4-11-2009,311.7000122,528.7999878
5-11-2009,333.3999939,480.3999939
6-11-2009,367.2000122,446.2999878
7-11-2009,363.1000061,413.2999878
8-11-2009,359.2000122,396.1000061
9-11-2009,352.3999939,399.2000122
10-11-2009,315.8999939,395.3999939
11-11-2009,271.5,379.3999939
12-11-2009,291.7000122,351.5
13-11-2009,312.7000122,335
14-11-2009,315.2999878,336.5
15-11-2009,306.2999878,340.7000122
16-11-2009,286.8999939,336
17-11-2009,243.3999939,330.7000122
18-11-2009,223.5,323.7999878
19-11-2009,221.6000061,310.5
20-11-2009,241,297.3999939
21-11-2009,241.8999939,290.8999939
22-11-2009,232.1000061,288.6000061
23-11-2009,228.5,285.2999878
24-11-2009,228.3000031,282.5
25-11-2009,213.6999969,279.2999878
26-11-2009,180.8000031,273
27-11-2009,201.8000031,264.5
28-11-2009,212,257.7000122
29-11-2009,224.8999939,253.6000061
30-11-2009,209.3999939,247.6999969
1-12-2009,185.8000031,245.6000061
2-12-2009,174.1000061,243.1999969
3-12-2009,151.1000061,236.1000061
4-12-2009,133.6999969,226
5-12-2009,129.5,220.1000061
6-12-2009,124.5,219.1000061
7-12-2009,121.9000015,203.8000031
8-12-2009,121.9000015,175.8000031
9-12-2009,121.9000015,155.8999939
10-12-2009,117.9000015,144.6000061
11-12-2009,106.5999985,134.1999969
12-12-2009,92.80000305,123.9000015
13-12-2009,92.65000153,118.9000015
14-12-2009,90.56999969,113
15-12-2009,85.20999908,105.6999969
16-12-2009,82.94000244,97.98000336
17-12-2009,79.26000214,89.62000275
18-12-2009,78.06999969,78.94000244
19-12-2009,74.45999908,74.38999939
20-12-2009,73.30000305,69.05999756
21-12-2009,73.30000305,62.36000061
22-12-2009,73.22000122,57.41999817
23-12-2009,69.29000092,60.20000076
24-12-2009,66.15000153,62.84999847
25-12-2009,65.41000366,63.93999863
26-12-2009,83.83000183,65
27-12-2009,115.4000015,65.09999847
28-12-2009,125.0999985,66.20999908
29-12-2009,107.9000015,69.43000031
30-12-2009,92.81999969,78.18000031
31-12-2009,79.68000031,83.48999786
1-1-2010,74.91000366,81.84999847
2-1-2010,81.09999847,80
3-1-2010,95.08000183,77.62999725
4-1-2010,107.6999969,76.12000275
5-1-2010,98.26000214,74.98999786
6-1-2010,90.94999695,76.48999786
7-1-2010,89.55999756,78.48999786
8-1-2010,102.1999969,76.26999664
9-1-2010,102.0999985,74.30000305
10-1-2010,94.44999695,71.81999969
11-1-2010,99.95999908,69.45999908
12-1-2010,102.1999969,68.54000092
13-1-2010,97.45999908,68.09999847
14-1-2010,99.11000061,69.81999969
15-1-2010,118.4000015,74.41000366
16-1-2010,160.6999969,78.47000122
17-1-2010,165.1999969,81.59999847
18-1-2010,156.6999969,90.19000244
19-1-2010,152.1000061,116
20-1-2010,131.6999969,144.6000061
21-1-2010,141.8000031,157.3999939
22-1-2010,170.3000031,165.3999939
23-1-2010,173.3999939,175.8999939
24-1-2010,170.6000061,186.6000061
25-1-2010,163.8000031,196.3999939
26-1-2010,148.6000061,190.8000031
27-1-2010,125.4000015,172.8999939
28-1-2010,137.5,158.1000061
29-1-2010,169,152.8999939
30-1-2010,176.6999969,151
31-1-2010,175.5,158.1999969
1-2-2010,,168.1999969
2-2-2010,,167.5
3-2-2010,134.1000061,158.1000061
4-2-2010,155.1000061,149.6000061
5-2-2010,196.8999939,141.6000061
6-2-2010,203,150.1999969
7-2-2010,224.1000061,164.6000061
8-2-2010,236.8999939,174.3999939
9-2-2010,218.3000031,183.5
10-2-2010,219.5,198.6999969
11-2-2010,263.2999878,206.6999969
12-2-2010,281.3999939,212.6000061
13-2-2010,282.3999939,220.3000031
14-2-2010,274,223.1999969
15-2-2010,237.5,225.3999939
16-2-2010,190.6000061,232.6000061
17-2-2010,179,235.8000031
18-2-2010,229,220.8000031
19-2-2010,198.5,208.1999969
20-2-2010,126.5999985,203.6999969
21-2-2010,289.7999878,204.5
22-2-2010,276.6000061,210.3000031
23-2-2010,188,223
24-2-2010,200.3999939,236.6000061
25-2-2010,236.6000061,240.6000061
26-2-2010,293.2000122,245
27-2-2010,305.7000122,248.5
28-2-2010,302.3999939,251.8999939
1-3-2010,271,252.6000061
2-3-2010,252.6000061,249.8999939
3-3-2010,240.1000061,246.1000061
4-3-2010,312.5,245.3000031
5-3-2010,325.6000061,244.6000061
6-3-2010,325.6000061,249.3999939
7-3-2010,321.7000122,257.7000122
8-3-2010,284.7000122,258.7000122
9-3-2010,230.6999969,256.2000122
10-3-2010,228,245.8999939
11-3-2010,249.5,227.8999939
12-3-2010,247.3999939,214.1999969
13-3-2010,246.1000061,210.8999939
14-3-2010,244.3999939,209.3000031
15-3-2010,232.8000031,204.8000031
16-3-2010,223.3000031,196.6999969
17-3-2010,199.3999939,188.3999939
18-3-2010,238.8000031,184
19-3-2010,250.3000031,182
20-3-2010,241.1000061,175.8000031
21-3-2010,237.3999939,176.6999969
22-3-2010,231.1999969,194.8000031
23-3-2010,216.3999939,212.1000061
24-3-2010,213.3000031,194.3999939
25-3-2010,262.2000122,188.6999969
26-3-2010,271.2000122,197.8000031
27-3-2010,258.7999878,219.8999939
28-3-2010,246.6999969,231.1999969
29-3-2010,242.3999939,224.1999969
30-3-2010,233.1000061,208
31-3-2010,215.6999969,196.3000031
1-4-2010,280.2000122,195.1999969
2-4-2010,300,203.1999969
3-4-2010,303.1000061,229.6000061
4-4-2010,296.6000061,251.1000061
5-4-2010,283.5,254.6999969
6-4-2010,255,252.8999939
7-4-2010,237.6000061,246.6999969
8-4-2010,275.6000061,233.3999939
9-4-2010,314.7999878,223
10-4-2010,334.2999878,220.3000031
11-4-2010,347.8999939,218.6000061
12-4-2010,326.3999939,217.8999939
13-4-2010,285.6000061,215.3000031
14-4-2010,279.1000061,207.3999939
15-4-2010,294.2000122,194.6000061
16-4-2010,305.8999939,196.3999939
17-4-2010,317.2999878,207.8000031
18-4-2010,325.7000122,229.1000061
19-4-2010,328.7999878,238.1999969
20-4-2010,308.7000122,238.3999939
21-4-2010,299.3999939,236.6000061
22-4-2010,334.8999939,228.5
23-4-2010,331.6000061,221.1000061
24-4-2010,325,228.8999939
25-4-2010,305.6000061,244
26-4-2010,288.3999939,244.8999939
27-4-2010,283.8999939,245.3000031
28-4-2010,310.7999878,239.6000061
29-4-2010,305.8999939,229.6999969
30-4-2010,306.6000061,227.5
1-5-2010,330.5,234.8000031
2-5-2010,312.7999878,246
3-5-2010,294.2999878,252.8000031
4-5-2010,266.6000061,249.3999939
5-5-2010,248.3000031,242.6999969
6-5-2010,289.2000122,233.6000061
7-5-2010,298.6000061,235.3999939
8-5-2010,291.2999878,242.1999969
9-5-2010,288.7000122,251
10-5-2010,270.2000122,249.1000061
11-5-2010,234.6000061,246.8999939
12-5-2010,251.3000031,244.6999969
13-5-2010,307.2000122,238.8000031
14-5-2010,322.1000061,234.1000061
15-5-2010,329.1000061,239.6000061
16-5-2010,313.8999939,248.8999939
17-5-2010,304.5,250.5
18-5-2010,315.7000122,248.5
19-5-2010,286.5,247.8999939
20-5-2010,279.7999878,250.8999939
21-5-2010,336.7999878,255.3999939
22-5-2010,357.7000122,267.2999878
23-5-2010,353.7999878,284.7999878
24-5-2010,344,290.3999939
25-5-2010,328,284
26-5-2010,294.7999878,272.2000122
27-5-2010,293.7000122,258.7000122
28-5-2010,301.5,246
29-5-2010,300.6000061,233.6999969
30-5-2010,304.5,228.3000031
31-5-2010,320.6000061,230.1999969
1-6-2010,306.3999939,233.1999969
2-6-2010,325.5,245.3000031
3-6-2010,338.8999939,262
4-6-2010,405.7999878,273.6000061
5-6-2010,330.5,278.5
6-6-2010,335.8999939,277
7-6-2010,339.2999878,275.5
8-6-2010,,280.3999939
9-6-2010,,298.6000061
10-6-2010,353.3999939,322.2999878
11-6-2010,371.8999939,328.2000122
12-6-2010,365.1000061,326.7999878
13-6-2010,334.7999878,334.2999878
14-6-2010,289,355.5
15-6-2010,276.6000061,366.7999878
16-6-2010,282.8999939,328.5
17-6-2010,323.7999878,307.1000061
18-6-2010,335.3999939,289.3999939
19-6-2010,318.7999878,279.2999878
20-6-2010,294.1000061,265.8999939
21-6-2010,299.2000122,264.7000122
22-6-2010,306.5,263.2999878
23-6-2010,317.5,262.5
24-6-2010,362.7000122,266.7000122
25-6-2010,377.3999939,297.5
26-6-2010,352.2999878,376.6000061
27-6-2010,340.2000122,417.2000122
28-6-2010,328.3999939,379.7000122
29-6-2010,304.5,331.8999939
30-6-2010,290.3999939,309.7999878
1-7-2010,346.7000122,290.6000061
2-7-2010,344.6000061,285.3999939
3-7-2010,328.6000061,283.6000061
4-7-2010,349.6000061,282.2000122
5-7-2010,352.8999939,280.5
6-7-2010,335.5,285.7000122
7-7-2010,358.6000061,290.3999939
8-7-2010,387.2000122,301.8999939
9-7-2010,426.7000122,321.7999878
10-7-2010,433.7000122,329.1000061
11-7-2010,424,335
12-7-2010,407.7000122,388.8999939
13-7-2010,436.3999939,596.9000244
14-7-2010,469.5,889.4000244
15-7-2010,484.1000061,979.7999878
16-7-2010,535,852.4000244
17-7-2010,577,746.5999756
18-7-2010,498.2000122,630.4000244
19-7-2010,412.7999878,479.1000061
20-7-2010,400.8999939,449.7000122
21-7-2010,520.9000244,468.7000122
22-7-2010,545.7999878,549.7000122
23-7-2010,532.7999878,553.9000244
24-7-2010,522.7999878,532
25-7-2010,447.7000122,534.7000122
26-7-2010,509.7000122,588.5999756
27-7-2010,493.6000061,704.0999756
28-7-2010,545.7000122,785.5999756
29-7-2010,539.9000244,754.0999756
30-7-2010,528.2000122,743.0999756
31-7-2010,581.2999878,741.2000122
1-8-2010,639.0999756,740
2-8-2010,672.2999878,741
3-8-2010,578,743.2999878
4-8-2010,540.5999756,709.5999756
5-8-2010,535,627.9000244
6-8-2010,536.5999756,568.7999878
7-8-2010,535.7000122,576.7000122
8-8-2010,578.2999878,608.2000122
9-8-2010,587.5999756,658.7999878
10-8-2010,701.2000122,789.4000244
11-8-2010,729,923.2000122
12-8-2010,683.5,944.5999756
13-8-2010,760.5,950.9000244
14-8-2010,814.4000244,1046
15-8-2010,745.5999756,1156
16-8-2010,750,1279
17-8-2010,1160,1406
18-8-2010,1014,1421
19-8-2010,993.9000244,1428
20-8-2010,915.0999756,1394
21-8-2010,822.7999878,1383
22-8-2010,1006,1640
23-8-2010,967.4000244,1797
24-8-2010,812.5999756,1826
25-8-2010,815.9000244,1600
26-8-2010,921.0999756,1381
27-8-2010,999.2000122,1338
28-8-2010,991.2000122,1297
29-8-2010,1026,1345
30-8-2010,1044,1403
31-8-2010,1059,1404
1-9-2010,1014,1400
2-9-2010,1071,1405
3-9-2010,1212,1514
4-9-2010,1228,1768
5-9-2010,1252,1936
6-9-2010,1309,2030
7-9-2010,1375,2169
8-9-2010,1466,2408
9-9-2010,1478,2626
10-9-2010,1455,2616
11-9-2010,1540,2603
12-9-2010,1805,2655
13-9-2010,1804,2808
14-9-2010,1770,2905
15-9-2010,1767,2970
16-9-2010,1703,2957
17-9-2010,1620,2884
18-9-2010,1515,2800
19-9-2010,1413,2727
20-9-2010,1413,2636
21-9-2010,1471,2529
22-9-2010,1435,2434
23-9-2010,1374,2337
24-9-2010,1235,2295
25-9-2010,1214,2261
26-9-2010,1216,2200
27-9-2010,1178,2107
28-9-2010,1084,1972
29-9-2010,1023,1813
30-9-2010,996.5,1670
1-10-2010,929.9000244,1507
2-10-2010,862,1373
3-10-2010,816.7000122,1265
4-10-2010,753.2000122,1164
5-10-2010,685.2999878,1078
6-10-2010,655.2999878,1006
7-10-2010,651,912.5
8-10-2010,709.9000244,873.2999878
9-10-2010,741,927.5999756
10-10-2010,694.5999756,1065
11-10-2010,664.4000244,1176
12-10-2010,624,1179
13-10-2010,613.2999878,1143
14-10-2010,616.5,1057
15-10-2010,606.7000122,990.9000244
16-10-2010,647,960.5999756
17-10-2010,659,937.7999878
18-10-2010,638.0999756,918.9000244
19-10-2010,600.2999878,890.7000122
20-10-2010,549.0999756,850.5999756
21-10-2010,541.7000122,795.7999878
22-10-2010,527.2999878,740.7000122
23-10-2010,494.7000122,685
24-10-2010,468.2999878,644.4000244
25-10-2010,457.2999878,622.7999878
26-10-2010,440.5,621.9000244
27-10-2010,445.8999939,597.7999878
28-10-2010,459.1000061,562.7999878
29-10-2010,461.5,533.7000122
30-10-2010,447.6000061,516.7000122
31-10-2010,441.5,514.0999756
1-11-2010,418.7999878,507.7999878
2-11-2010,387.6000061,491.3999939
3-11-2010,383.7000122,475.8999939
4-11-2010,416.8999939,479
5-11-2010,425.7999878,489
6-11-2010,403.8999939,493.6000061
7-11-2010,395.3999939,487.2999878
8-11-2010,364.3999939,469.8999939
9-11-2010,323.6000061,440.2999878
10-11-2010,283.8999939,392.2000122
11-11-2010,288.7999878,345.7000122
12-11-2010,299.1000061,332.1000061
13-11-2010,299.7000122,337.7999878
14-11-2010,307.7000122,336.2999878
15-11-2010,295.5,326.7999878
16-11-2010,230.3000031,325.2999878
17-11-2010,229.6999969,319.2000122
18-11-2010,242.6000061,306.5
19-11-2010,243.6000061,286.2000122
20-11-2010,241.8000031,283.7000122
21-11-2010,235.6999969,282.6000061
22-11-2010,234.6999969,272.7000122
23-11-2010,225.8999939,255.5
24-11-2010,191,249.8999939
25-11-2010,190.1000061,241.1999969
26-11-2010,204.1000061,240.1000061
27-11-2010,202,235
28-11-2010,197.1000061,227.8000031
29-11-2010,182.8999939,223.3999939
30-11-2010,158.6000061,221.6999969
1-12-2010,143.6000061,222.3999939
2-12-2010,141.1000061,215.5
3-12-2010,163,197.6000061
4-12-2010,186.8999939,190
5-12-2010,196.8999939,192.5
6-12-2010,195.3999939,198.8000031
7-12-2010,189.6000061,201.6000061
8-12-2010,170.6999969,200.6000061
9-12-2010,161.6000061,198.8999939
10-12-2010,158.1999969,191.8000031
11-12-2010,155.6999969,181.3000031
12-12-2010,153.3000031,170.3999939
13-12-2010,166.3000031,165.1000061
14-12-2010,172.1999969,167.3000031
15-12-2010,150.8999939,167.8000031
16-12-2010,149.6000061,165.1000061
17-12-2010,181.6999969,162
18-12-2010,212.3999939,170.6000061
19-12-2010,225,193.3999939
20-12-2010,225.8999939,206.3999939
21-12-2010,231.3999939,210.8999939
22-12-2010,222.1999969,216.8999939
23-12-2010,227,216.8999939
24-12-2010,242,221.5
25-12-2010,252.8000031,233
26-12-2010,287.7000122,238.3999939
27-12-2010,311.8999939,246.8000031
28-12-2010,283.2000122,259.2000122
29-12-2010,278.7000122,256.7999878
30-12-2010,295.7000122,252.1000061
31-12-2010,298.6000061,260
1-1-2011,330.5,
2-1-2011,349,
3-1-2011,346.5,
4-1-2011,242,
5-1-2011,232.5,
6-1-2011,232,
7-1-2011,219.6999969,
8-1-2011,215.8000031,
9-1-2011,215.1999969,
10-1-2011,198.3999939,
11-1-2011,183.3000031,
12-1-2011,179.8999939,
13-1-2011,206.1999969,
14-1-2011,241.3999939,
15-1-2011,256.2000122,
16-1-2011,256.5,
17-1-2011,265.7000122,
18-1-2011,250,
19-1-2011,239.1999969,
20-1-2011,278.3999939,
21-1-2011,298.2999878,
22-1-2011,290.7000122,
23-1-2011,278.6000061,
24-1-2011,275.7999878,
25-1-2011,283.2000122,
26-1-2011,274.3999939,
27-1-2011,259.8999939,
28-1-2011,267.7000122,
29-1-2011,275.6000061,
30-1-2011,270.2999878,
31-1-2011,268.2999878,
1-2-2011,253.3999939,
2-2-2011,247.1999969,
3-2-2011,261.5,
4-2-2011,315.5,
5-2-2011,323.2999878,
6-2-2011,324.2000122,
7-2-2011,301.2000122,
8-2-2011,299.7000122,
9-2-2011,309,
10-2-2011,327.2000122,
11-2-2011,337.3999939,
12-2-2011,320.5,
13-2-2011,334.3999939,
14-2-2011,322.3999939,
15-2-2011,317.5,
16-2-2011,314.5,
17-2-2011,314.2999878,
18-2-2011,336.5,
19-2-2011,342.3999939,
20-2-2011,320.2000122,
21-2-2011,316.2000122,
22-2-2011,348.7999878,
23-2-2011,360.5,
24-2-2011,374.7000122,
25-2-2011,361.8999939,
26-2-2011,374.7000122,
27-2-2011,358.7999878,
28-2-2011,342,
1-3-2011,317.5,
2-3-2011,312.6000061,
3-3-2011,332.5,
4-3-2011,347.8999939,
5-3-2011,358.2999878,
6-3-2011,352.6000061,
7-3-2011,342.1000061,
8-3-2011,325,
9-3-2011,319.7000122,
10-3-2011,322.2000122,
11-3-2011,335.1000061,
12-3-2011,321,
13-3-2011,310.1000061,
14-3-2011,293.5,
15-3-2011,250.6000061,
16-3-2011,270.1000061,
17-3-2011,289.1000061,
18-3-2011,300.7999878,
19-3-2011,289.2999878,
20-3-2011,269.1000061,
21-3-2011,281.7999878,
22-3-2011,270.5,
23-3-2011,253.6000061,
24-3-2011,282.7000122,
25-3-2011,280.8999939,
26-3-2011,287.1000061,
27-3-2011,287.2000122,
28-3-2011,289.8999939,
29-3-2011,272.8999939,
30-3-2011,238.6999969,
31-3-2011,304.8999939,
1-4-2011,342.1000061,
2-4-2011,349.6000061,
3-4-2011,356.3999939,
4-4-2011,353.7999878,
5-4-2011,311,
6-4-2011,310.7000122,
7-4-2011,321.5,
8-4-2011,322.2000122,
9-4-2011,332.8999939,
10-4-2011,337.6000061,
11-4-2011,335.6000061,
12-4-2011,312.2000122,
13-4-2011,300.1000061,
14-4-2011,339.8999939,
15-4-2011,360.2999878,
16-4-2011,359.8999939,
17-4-2011,362.2000122,
18-4-2011,354.6000061,
19-4-2011,325.7000122,
20-4-2011,320.6000061,
21-4-2011,355.7000122,
22-4-2011,355.2999878,
23-4-2011,350.2000122,
24-4-2011,365.6000061,
25-4-2011,360,
26-4-2011,337.8999939,
27-4-2011,329.5,
28-4-2011,338.2999878,
29-4-2011,360.7000122,
30-4-2011,368.7999878,
1-5-2011,367.1000061,
2-5-2011,337.1000061,
3-5-2011,306.3999939,
4-5-2011,289.3999939,
5-5-2011,321.6000061,
6-5-2011,347.7999878,
7-5-2011,369.1000061,
8-5-2011,347.6000061,
9-5-2011,305.1000061,
10-5-2011,300.1000061,
11-5-2011,319.3999939,
12-5-2011,322.1000061,
13-5-2011,319.2000122,
14-5-2011,322,
15-5-2011,332.7999878,
16-5-2011,330.6000061,
17-5-2011,294.1000061,
18-5-2011,301.1000061,
19-5-2011,348.2000122,
20-5-2011,376.2999878,
21-5-2011,425.2999878,
22-5-2011,468,
23-5-2011,498.8999939,
24-5-2011,473.8999939,
25-5-2011,464,
26-5-2011,462.7000122,
27-5-2011,467.2999878,
28-5-2011,472.8999939,
29-5-2011,475.6000061,
30-5-2011,483.8999939,
31-5-2011,470,
1-6-2011,431.2999878,
2-6-2011,440.2999878,
3-6-2011,437.2999878,
4-6-2011,409,
5-6-2011,395.8999939,
6-6-2011,390.5,
7-6-2011,341.2000122,
8-6-2011,328.6000061,
9-6-2011,342.2999878,
10-6-2011,328.6000061,
11-6-2011,328.8999939,
12-6-2011,342.7000122,
13-6-2011,363.1000061,
14-6-2011,338.3999939,
15-6-2011,332.2000122,
16-6-2011,367.3999939,
17-6-2011,421.2000122,
18-6-2011,460.1000061,
19-6-2011,475.1000061,
20-6-2011,406,
21-6-2011,329.1000061,
22-6-2011,393.2000122,
23-6-2011,458,
24-6-2011,418.6000061,
25-6-2011,457.3999939,
26-6-2011,489.6000061,
27-6-2011,462.6000061,
28-6-2011,378.1000061,
29-6-2011,444.3999939,
30-6-2011,445.8999939,
1-7-2011,409.2999878,
2-7-2011,398.7000122,
3-7-2011,417.8999939,
4-7-2011,417.7000122,
5-7-2011,373.7999878,
6-7-2011,383.7000122,
7-7-2011,425,
8-7-2011,434.5,
9-7-2011,405.6000061,
10-7-2011,398.3999939,
11-7-2011,380.6000061,
12-7-2011,327.8999939,
13-7-2011,364.3999939,
14-7-2011,556,
15-7-2011,561.5,
16-7-2011,569.7999878,
17-7-2011,613.5,
18-7-2011,563.4000244,
19-7-2011,484.3999939,
20-7-2011,510,
21-7-2011,516.9000244,
22-7-2011,501.1000061,
23-7-2011,500.6000061,
24-7-2011,511.3999939,
25-7-2011,476.2999878,
26-7-2011,429.6000061,
27-7-2011,462.1000061,
28-7-2011,484.3999939,
29-7-2011,663.9000244,
30-7-2011,811.7000122,
31-7-2011,727.5999756,
1-8-2011,644.2999878,
2-8-2011,629.5,
3-8-2011,656.4000244,
4-8-2011,760.9000244,
5-8-2011,725.7000122,
6-8-2011,652,
7-8-2011,566.2999878,
8-8-2011,520.2000122,
9-8-2011,555.4000244,
10-8-2011,619.7000122,
11-8-2011,587,
12-8-2011,584.2999878,
13-8-2011,559.0999756,
14-8-2011,535.9000244,
15-8-2011,488.5,
16-8-2011,420.7000122,
17-8-2011,513.9000244,
18-8-2011,737.5999756,
19-8-2011,984.2000122,
20-8-2011,916.2000122,
21-8-2011,778.5999756,
22-8-2011,1222,
23-8-2011,1900,
24-8-2011,2246,
25-8-2011,2555,
26-8-2011,2420,
27-8-2011,1923,
28-8-2011,1531,
29-8-2011,1378,
30-8-2011,1291,
31-8-2011,1246,
1-9-2011,1179,
2-9-2011,1170,
3-9-2011,1145,
4-9-2011,1030,
5-9-2011,934.9000244,
6-9-2011,851,
7-9-2011,775.7999878,
8-9-2011,746.2000122,
9-9-2011,733.2999878,
10-9-2011,703.0999756,
11-9-2011,647.5,
12-9-2011,612.7999878,
13-9-2011,591.9000244,
14-9-2011,569,
15-9-2011,528.2000122,
16-9-2011,504.2999878,
17-9-2011,493.5,
18-9-2011,471.5,
19-9-2011,448.8999939,
20-9-2011,438,
21-9-2011,437.6000061,
22-9-2011,455.6000061,
23-9-2011,502.8999939,
24-9-2011,491.5,
25-9-2011,474.2999878,
26-9-2011,449.1000061,
27-9-2011,459,
28-9-2011,461,
29-9-2011,482.3999939,
30-9-2011,365.8999939,
1-10-2011,507.3999939,
2-10-2011,514.2000122,
3-10-2011,471.5,
4-10-2011,404.2000122,
5-10-2011,390.5,
6-10-2011,432.5,
7-10-2011,448.1000061,
8-10-2011,423.2000122,
9-10-2011,386.2999878,
10-10-2011,435.1000061,
11-10-2011,318.8999939,
12-10-2011,411,
13-10-2011,376.7999878,
14-10-2011,365.8999939,
15-10-2011,372,
16-10-2011,340.1000061,
17-10-2011,328.3999939,
18-10-2011,281.1000061,
19-10-2011,309.6000061,
20-10-2011,335.5,
21-10-2011,314.2999878,
22-10-2011,301.3999939,
23-10-2011,307,
24-10-2011,301.7999878,
25-10-2011,248,
26-10-2011,243.6999969,
27-10-2011,293.1000061,
28-10-2011,284.1000061,
29-10-2011,269.2000122,
30-10-2011,264.2999878,
31-10-2011,223,
1-11-2011,199,
2-11-2011,199.3999939,
3-11-2011,218.1000061,
4-11-2011,230.6000061,
5-11-2011,230.6000061,
6-11-2011,217.3000031,
7-11-2011,177.1000061,
8-11-2011,148.8000031,
9-11-2011,146.6999969,
10-11-2011,145.8000031,
11-11-2011,159,
12-11-2011,170.3000031,
13-11-2011,176.6000061,
14-11-2011,175.8000031,
15-11-2011,173.3000031,
16-11-2011,136.6999969,
17-11-2011,127.4000015,
18-11-2011,145.1000061,
19-11-2011,151.3999939,
20-11-2011,154.3000031,
21-11-2011,166.1999969,
22-11-2011,168.8000031,
23-11-2011,153.6999969,
24-11-2011,138.1000061,
25-11-2011,141.8000031,
26-11-2011,149.8999939,
27-11-2011,148,
28-11-2011,138.8000031,
29-11-2011,127.4000015,
30-11-2011,114.0999985,
1-12-2011,120.8000031,
2-12-2011,133.3000031,
3-12-2011,134.1000061,
4-12-2011,136,
5-12-2011,132.6999969,
6-12-2011,123.5,
7-12-2011,120.5999985,
8-12-2011,115.0999985,
9-12-2011,125.1999969,
10-12-2011,144.6000061,
11-12-2011,163.6000061,
12-12-2011,167.6999969,
13-12-2011,159.8999939,
14-12-2011,145.3999939,
15-12-2011,135.5,
16-12-2011,138.6000061,
17-12-2011,164.6000061,
18-12-2011,157,
19-12-2011,142.8000031,
20-12-2011,123.3000031,
21-12-2011,108.5999985,
22-12-2011,100,
23-12-2011,102.6999969,
24-12-2011,113.5,
25-12-2011,116,
26-12-2011,110.3000031,
27-12-2011,102.4000015,
28-12-2011,96.58999634,
29-12-2011,97.05000305,
30-12-2011,105.3000031,
31-12-2011,128.8000031,
1-1-2012,149,
2-1-2012,161.1000061,
3-1-2012,155,
4-1-2012,143.5,
5-1-2012,141.8999939,
6-1-2012,148.1000061,
7-1-2012,176.3999939,
8-1-2012,187.1999969,
9-1-2012,177,
10-1-2012,160.3000031,
11-1-2012,153.1999969,
12-1-2012,155.8000031,
13-1-2012,161,
14-1-2012,172.6000061,
15-1-2012,177.8000031,
16-1-2012,173.3999939,
17-1-2012,169.1999969,
18-1-2012,159.6999969,
19-1-2012,166.8000031,
20-1-2012,184.3000031,
21-1-2012,187.6000061,
22-1-2012,184.6000061,
23-1-2012,193.8999939,
24-1-2012,219.3999939,
25-1-2012,213.3999939,
26-1-2012,204.1999969,
27-1-2012,199.6000061,
28-1-2012,214.5,
29-1-2012,233,
30-1-2012,233.3999939,
31-1-2012,224,
1-2-2012,237.5,
2-2-2012,220.3999939,
3-2-2012,194.3999939,
4-2-2012,193.5,
5-2-2012,190.1000061,
6-2-2012,179.6999969,
7-2-2012,167.5,
8-2-2012,158.8999939,
9-2-2012,188,
10-2-2012,213.6999969,
11-2-2012,191.8999939,
12-2-2012,189.1999969,
13-2-2012,202,
14-2-2012,207.6999969,
15-2-2012,212.5,
16-2-2012,235.1999969,
17-2-2012,263.7999878,
18-2-2012,269.2999878,
19-2-2012,296,
20-2-2012,304.3999939,
21-2-2012,256.7999878,
22-2-2012,220,
23-2-2012,212.3999939,
24-2-2012,216.3000031,
25-2-2012,205.6000061,
26-2-2012,192.1999969,
27-2-2012,186.1999969,
28-2-2012,169,
29-2-2012,160.1999969,
1-3-2012,191.8000031,
2-3-2012,218.6000061,
3-3-2012,228.6000061,
4-3-2012,262.7000122,
5-3-2012,237.3999939,
6-3-2012,206.5,
7-3-2012,185.3999939,
8-3-2012,194.8999939,
9-3-2012,214.3999939,
10-3-2012,202.5,
11-3-2012,186.3000031,
12-3-2012,172.8000031,
13-3-2012,165.6000061,
14-3-2012,199.8000031,
15-3-2012,290.7999878,
16-3-2012,313.7000122,
17-3-2012,318.2000122,
18-3-2012,306.5,
19-3-2012,277.2000122,
20-3-2012,264.3999939,
21-3-2012,265.2999878,
22-3-2012,287.1000061,
23-3-2012,317.2999878,
24-3-2012,333.2000122,
25-3-2012,329.2000122,
26-3-2012,311.3999939,
27-3-2012,295.3999939,
28-3-2012,278.3999939,
29-3-2012,284,
30-3-2012,320.6000061,
31-3-2012,333.7000122,
1-4-2012,322,
2-4-2012,316.8999939,
3-4-2012,316.7999878,
4-4-2012,328.7999878,
5-4-2012,310.3999939,
6-4-2012,319.1000061,
7-4-2012,345.2000122,
8-4-2012,354.7000122,
9-4-2012,329.1000061,
10-4-2012,293.2000122,
11-4-2012,319.2999878,
12-4-2012,363,
13-4-2012,349.5,
14-4-2012,344.8999939,
15-4-2012,342.6000061,
16-4-2012,323.7000122,
17-4-2012,303.7000122,
18-4-2012,300.6000061,
19-4-2012,302.5,
20-4-2012,310.7999878,
21-4-2012,332.2999878,
22-4-2012,346.6000061,
23-4-2012,332.7999878,
24-4-2012,326.5,
25-4-2012,384.8999939,
26-4-2012,428.7000122,
27-4-2012,427.1000061,
28-4-2012,435.5,
29-4-2012,428.2000122,
30-4-2012,401.2999878,
1-5-2012,386.7000122,
2-5-2012,395.7000122,
3-5-2012,402.2000122,
4-5-2012,384.1000061,
5-5-2012,423.8999939,
6-5-2012,449.8999939,
7-5-2012,415.7999878,
8-5-2012,381.1000061,
9-5-2012,418.2000122,
10-5-2012,473.7999878,
11-5-2012,479.8999939,
12-5-2012,467.6000061,
13-5-2012,453.7999878,
14-5-2012,411.8999939,
15-5-2012,359.6000061,
16-5-2012,370.8999939,
17-5-2012,394.1000061,
18-5-2012,380.6000061,
19-5-2012,393,
20-5-2012,401.5,
21-5-2012,389.2999878,
22-5-2012,354,
23-5-2012,358.7000122,
24-5-2012,365.3999939,
25-5-2012,365.2999878,
26-5-2012,370.8999939,
27-5-2012,365,
28-5-2012,348.5,
29-5-2012,342.2999878,
30-5-2012,343.1000061,
31-5-2012,355,
1-6-2012,352.2999878,
2-6-2012,380,
3-6-2012,394.6000061,
4-6-2012,386.5,
5-6-2012,364,
6-6-2012,357.7000122,
7-6-2012,358.3999939,
8-6-2012,338.2000122,
9-6-2012,366.3999939,
10-6-2012,383.6000061,
11-6-2012,368.1000061,
12-6-2012,335,
13-6-2012,374.6000061,
14-6-2012,432,
15-6-2012,417.2999878,
16-6-2012,402.6000061,
17-6-2012,394.6000061,
18-6-2012,385.2999878,
19-6-2012,348,
20-6-2012,347.2000122,
21-6-2012,371,
22-6-2012,385.2999878,
23-6-2012,402.3999939,
24-6-2012,521.4000244,
25-6-2012,500.7999878,
26-6-2012,510.8999939,
27-6-2012,471.5,
28-6-2012,452.6000061,
29-6-2012,448.3999939,
30-6-2012,470.8999939,
1-7-2012,502,
2-7-2012,473.3999939,
3-7-2012,453.7999878,
4-7-2012,417.1000061,
5-7-2012,497.8999939,
6-7-2012,673.9000244,
7-7-2012,726.0999756,
8-7-2012,715.9000244,
9-7-2012,650.2999878,
10-7-2012,575.5999756,
11-7-2012,546.2999878,
12-7-2012,622.2000122,
13-7-2012,713.4000244,
14-7-2012,737.7999878,
15-7-2012,730.9000244,
16-7-2012,782.2999878,
17-7-2012,844.5999756,
18-7-2012,841.7000122,
19-7-2012,825.7000122,
20-7-2012,1204,
21-7-2012,1718,
22-7-2012,1886,
23-7-2012,1772,
24-7-2012,1619,
25-7-2012,1499,
26-7-2012,1339,
27-7-2012,1310,
28-7-2012,1227,
29-7-2012,1138,
30-7-2012,1032,
31-7-2012,937.7000122,
1-8-2012,1014,
2-8-2012,1052,
3-8-2012,993.5999756,
4-8-2012,973.2999878,
5-8-2012,978,
6-8-2012,909.7000122,
7-8-2012,803.7000122,
8-8-2012,734.4000244,
9-8-2012,1052,
10-8-2012,2478,
11-8-2012,2483,
12-8-2012,2217,
13-8-2012,2022,
14-8-2012,1853,
15-8-2012,1767,
16-8-2012,1692,
17-8-2012,1527,
18-8-2012,1457,
19-8-2012,1377,
20-8-2012,1320,
21-8-2012,1431,
22-8-2012,1285,
23-8-2012,1351,
24-8-2012,1432,
25-8-2012,1737,
26-8-2012,3030,
27-8-2012,3451,
28-8-2012,3421,
29-8-2012,3027,
30-8-2012,2602,
31-8-2012,2141,
1-9-2012,1868,
2-9-2012,1775,
3-9-2012,1860,
4-9-2012,1886,
5-9-2012,1823,
6-9-2012,1994,
7-9-2012,2123,
8-9-2012,1965,
9-9-2012,1678,
10-9-2012,1497,
11-9-2012,1441,
12-9-2012,1383,
13-9-2012,1263,
14-9-2012,1149,
15-9-2012,1086,
16-9-2012,1054,
17-9-2012,1002,
18-9-2012,991.0999756,
19-9-2012,1142,
20-9-2012,1525,
21-9-2012,2335,
22-9-2012,2551,
23-9-2012,2347,
24-9-2012,2231,
25-9-2012,2165,
26-9-2012,1895,
27-9-2012,1683,
28-9-2012,1657,
29-9-2012,1997,
30-9-2012,2173,
1-10-2012,2269,
2-10-2012,2462,
3-10-2012,2080,
4-10-2012,1846,
5-10-2012,1619,
6-10-2012,1491,
7-10-2012,1396,
8-10-2012,1276,
9-10-2012,1258,
10-10-2012,1177,
11-10-2012,1107,
12-10-2012,1063,
13-10-2012,1010,
14-10-2012,936.5999756,
15-10-2012,856.2000122,
16-10-2012,813.5,
17-10-2012,813.9000244,
18-10-2012,798.5,
19-10-2012,781,
20-10-2012,811.2999878,
21-10-2012,800.9000244,
22-10-2012,769.7000122,
23-10-2012,772.2000122,
24-10-2012,822.2000122,
25-10-2012,769.2999878,
26-10-2012,711.7000122,
27-10-2012,645.7999878,
28-10-2012,624.5,
29-10-2012,615.2999878,
30-10-2012,634.5,
31-10-2012,607.7999878,
1-11-2012,600.9000244,
2-11-2012,610.7000122,
3-11-2012,574.7999878,
4-11-2012,541,
5-11-2012,523,
6-11-2012,519.7000122,
7-11-2012,514.2999878,
8-11-2012,508.8999939,
9-11-2012,505.2999878,
10-11-2012,494.2999878,
11-11-2012,485.2000122,
12-11-2012,471.1000061,
13-11-2012,457.7000122,
14-11-2012,490.5,
15-11-2012,514.7999878,
16-11-2012,480.2000122,
17-11-2012,449.3999939,
18-11-2012,449.2999878,
19-11-2012,461.5,
20-11-2012,462.7000122,
21-11-2012,463.7000122,
22-11-2012,467,
23-11-2012,498,
24-11-2012,529.7000122,
25-11-2012,531.9000244,
26-11-2012,517.7999878,
27-11-2012,515.9000244,
28-11-2012,525.9000244,
29-11-2012,532.2999878,
30-11-2012,533.2000122,
1-12-2012,516.9000244,
2-12-2012,506.5,
3-12-2012,483.7999878,
4-12-2012,454.3999939,
5-12-2012,447.7999878,
6-12-2012,419.3999939,
7-12-2012,406.7000122,
8-12-2012,399.2999878,
9-12-2012,404,
10-12-2012,411.7000122,
11-12-2012,396.1000061,
12-12-2012,402,
13-12-2012,420,
14-12-2012,420,
15-12-2012,416,
16-12-2012,410.7000122,
17-12-2012,386.2999878,
18-12-2012,375.5,
19-12-2012,369.2000122,
20-12-2012,397.3999939,
21-12-2012,422.3999939,
22-12-2012,428.2999878,
23-12-2012,432.8999939,
24-12-2012,411.5,
25-12-2012,387.1000061,
26-12-2012,362.7999878,
27-12-2012,355.7999878,
28-12-2012,347.3999939,
29-12-2012,346.2999878,
30-12-2012,328.5,
31-12-2012,297,
1-1-2013,281.6000061,
2-1-2013,245.6999969,
3-1-2013,228.3000031,
4-1-2013,210.3999939,
5-1-2013,237.6999969,
6-1-2013,302,
7-1-2013,306.2999878,
8-1-2013,258.5,
9-1-2013,236.3000031,
10-1-2013,227.3999939,
11-1-2013,225.5,
12-1-2013,229,
13-1-2013,295.2999878,
14-1-2013,315.6000061,
15-1-2013,246.3000031,
16-1-2013,245.8000031,
17-1-2013,248.1000061,
18-1-2013,224.3999939,
19-1-2013,220.1999969,
20-1-2013,220.5,
21-1-2013,199.5,
22-1-2013,177.5,
23-1-2013,169.3999939,
24-1-2013,209,
25-1-2013,235.5,
26-1-2013,234.6999969,
27-1-2013,216.3000031,
28-1-2013,195.8000031,
29-1-2013,188.3000031,
30-1-2013,181.8999939,
31-1-2013,197.8000031,
1-2-2013,211.8000031,
2-2-2013,200.3999939,
3-2-2013,209,
4-2-2013,223.3999939,
5-2-2013,198.6000061,
6-2-2013,176.6000061,
7-2-2013,220.8999939,
8-2-2013,254.3000031,
9-2-2013,259.6000061,
10-2-2013,269.3999939,
11-2-2013,247.8000031,
12-2-2013,228.6000061,
13-2-2013,216,
14-2-2013,248.3000031,
15-2-2013,264.1000061,
16-2-2013,271.7000122,
17-2-2013,259.7000122,
18-2-2013,238.6999969,
19-2-2013,225,
20-2-2013,234,
21-2-2013,292.2000122,
22-2-2013,296,
23-2-2013,286.7000122,
24-2-2013,296.5,
25-2-2013,290.1000061,
26-2-2013,253.6000061,
27-2-2013,300,
28-2-2013,321.1000061,
1-3-2013,321.2999878,
2-3-2013,315.2000122,
3-3-2013,318.1000061,
4-3-2013,309.7000122,
5-3-2013,271.2999878,
6-3-2013,240.6000061,
7-3-2013,249.3000031,
8-3-2013,310.2000122,
9-3-2013,317.6000061,
10-3-2013,319,
11-3-2013,326.1000061,
12-3-2013,260.5,
13-3-2013,288,
14-3-2013,349.7999878,
15-3-2013,400.7000122,
16-3-2013,357.1000061,
17-3-2013,341.8999939,
18-3-2013,314.8999939,
19-3-2013,245.3999939,
20-3-2013,247.6999969,
21-3-2013,334.7000122,
22-3-2013,349.6000061,
23-3-2013,357.3999939,
24-3-2013,363.7000122,
25-3-2013,343.8999939,
26-3-2013,346.6000061,
27-3-2013,351.7999878,
28-3-2013,365.3999939,
29-3-2013,379.2999878,
30-3-2013,410.3999939,
31-3-2013,414.2999878,
1-4-2013,400.6000061,
2-4-2013,375.5,
3-4-2013,370.3999939,
4-4-2013,398,
5-4-2013,411.8999939,
6-4-2013,405.2000122,
7-4-2013,405.2000122,
8-4-2013,401.7000122,
9-4-2013,372.5,
10-4-2013,383,
11-4-2013,410.2999878,
12-4-2013,421.2999878,
13-4-2013,415.1000061,
14-4-2013,421.7000122,
15-4-2013,416.8999939,
16-4-2013,397.8999939,
17-4-2013,421.8999939,
18-4-2013,472.8999939,
19-4-2013,471.5,
20-4-2013,442.2999878,
21-4-2013,442.5,
22-4-2013,410.7999878,
23-4-2013,368.2999878,
24-4-2013,368.8999939,
25-4-2013,364.6000061,
26-4-2013,384.7999878,
27-4-2013,402.1000061,
28-4-2013,405.1000061,
29-4-2013,403.5,
30-4-2013,399.8999939,
1-5-2013,376.3999939,
2-5-2013,392.6000061,
3-5-2013,385.8999939,
4-5-2013,402.7000122,
5-5-2013,411.1000061,
6-5-2013,411.1000061,
7-5-2013,399.8999939,
8-5-2013,408.7000122,
9-5-2013,424.7999878,
10-5-2013,429.3999939,
11-5-2013,426.2000122,
12-5-2013,414.3999939,
13-5-2013,389.3999939,
14-5-2013,347.1000061,
15-5-2013,383.2999878,
16-5-2013,405,
17-5-2013,397.2999878,
18-5-2013,401.2000122,
19-5-2013,407.7000122,
20-5-2013,397,
21-5-2013,381.2999878,
22-5-2013,393.8999939,
23-5-2013,430.6000061,
24-5-2013,458.3999939,
25-5-2013,425.7999878,
26-5-2013,396.5,
27-5-2013,361.7999878,
28-5-2013,329.2999878,
29-5-2013,358.5,
30-5-2013,376.1000061,
31-5-2013,399.2999878,
1-6-2013,391.7999878,
2-6-2013,408.7000122,
3-6-2013,384.1000061,
4-6-2013,380,
5-6-2013,380.8999939,
6-6-2013,403.1000061,
7-6-2013,397.6000061,
8-6-2013,408,
9-6-2013,421.1000061,
10-6-2013,402.8999939,
11-6-2013,386.1000061,
12-6-2013,355.8999939,
13-6-2013,327.5,
14-6-2013,314.3999939,
15-6-2013,298.8999939,
16-6-2013,303.2000122,
17-6-2013,314.7000122,
18-6-2013,301.2000122,
19-6-2013,267.7999878,
20-6-2013,258.3999939,
21-6-2013,271.5,
22-6-2013,331.3999939,
23-6-2013,357.7999878,
24-6-2013,369.5,
25-6-2013,378,
26-6-2013,403.5,
27-6-2013,424.7000122,
28-6-2013,680.0999756,
29-6-2013,639.5,
30-6-2013,649.2999878,
1-7-2013,681.7999878,
2-7-2013,867.4000244,
3-7-2013,929,
4-7-2013,844.0999756,
5-7-2013,696.7999878,
6-7-2013,702.2000122,
7-7-2013,501.7999878,
8-7-2013,480.2999878,
9-7-2013,487.6000061,
10-7-2013,564.5,
11-7-2013,638,
12-7-2013,668.9000244,
13-7-2013,674,
14-7-2013,660.5,
15-7-2013,618.5999756,
16-7-2013,565,
17-7-2013,522,
18-7-2013,507.5,
19-7-2013,491.7999878,
20-7-2013,474.3999939,
21-7-2013,493.7000122,
22-7-2013,517.9000244,
23-7-2013,491,
24-7-2013,498.6000061,
25-7-2013,524.7999878,
26-7-2013,563.0999756,
27-7-2013,649.4000244,
28-7-2013,707.7999878,
29-7-2013,646.5999756,
30-7-2013,573.5999756,
31-7-2013,636.7000122,
1-8-2013,717.5999756,
2-8-2013,753.5,
3-8-2013,825.0999756,
4-8-2013,814.7999878,
5-8-2013,893.0999756,
6-8-2013,1096,
7-8-2013,1035,
8-8-2013,961.4000244,
9-8-2013,873.2000122,
10-8-2013,974.0999756,
11-8-2013,1040,
12-8-2013,1185,
13-8-2013,1310,
14-8-2013,1436,
15-8-2013,2209,
16-8-2013,2355,
17-8-2013,2203,
18-8-2013,1998,
19-8-2013,1765,
20-8-2013,1755,
21-8-2013,1653,
22-8-2013,2150,
23-8-2013,2374,
24-8-2013,2002,
25-8-2013,1806,
26-8-2013,1839,
27-8-2013,1814,
28-8-2013,1815,
29-8-2013,1526,
30-8-2013,1512,
31-8-2013,1708,
1-9-2013,1735,
2-9-2013,1590,
3-9-2013,1473,
4-9-2013,1261,
5-9-2013,1417,
6-9-2013,2202,
7-9-2013,3084,
8-9-2013,2809,
9-9-2013,2386,
10-9-2013,2149,
11-9-2013,2178,
12-9-2013,2062,
13-9-2013,1846,
14-9-2013,1693,
15-9-2013,1633,
16-9-2013,1626,
17-9-2013,2077,
18-9-2013,2599,
19-9-2013,2402,
20-9-2013,2057,
21-9-2013,1704,
22-9-2013,1442,
23-9-2013,1329,
24-9-2013,1190,
25-9-2013,1067,
26-9-2013,1000,
27-9-2013,943.5,
28-9-2013,872,
29-9-2013,829.5999756,
30-9-2013,776.7999878,
1-10-2013,714.9000244,
2-10-2013,677.5999756,
3-10-2013,645.5,
4-10-2013,632.9000244,
5-10-2013,612.2999878,
6-10-2013,598.5999756,
7-10-2013,578.2999878,
8-10-2013,570,
9-10-2013,570,
10-10-2013,566.7000122,
11-10-2013,562.7999878,
12-10-2013,561.7999878,
13-10-2013,564.7999878,
14-10-2013,558.7000122,
15-10-2013,520.2000122,
16-10-2013,475.2000122,
17-10-2013,465.2000122,
18-10-2013,448.2000122,
19-10-2013,421.1000061,
20-10-2013,444.8999939,
21-10-2013,457.2999878,
22-10-2013,440.8999939,
23-10-2013,427.1000061,
24-10-2013,418,
25-10-2013,412.7999878,
26-10-2013,409.8999939,
27-10-2013,411,
28-10-2013,407.7000122,
29-10-2013,371.7000122,
30-10-2013,351.2000122,
31-10-2013,356.2000122,
1-11-2013,339.2000122,
2-11-2013,353.7000122,
3-11-2013,381.5,
4-11-2013,369.5,
5-11-2013,447.7000122,
6-11-2013,423,
7-11-2013,306.1000061,
8-11-2013,359,
9-11-2013,393.8999939,
10-11-2013,357.6000061,
11-11-2013,327.8999939,
12-11-2013,266.7999878,
13-11-2013,237.8999939,
14-11-2013,288.8999939,
15-11-2013,263.3999939,
16-11-2013,226,
17-11-2013,345.6000061,
18-11-2013,329.2999878,
19-11-2013,260.5,
20-11-2013,206.6000061,
21-11-2013,183.3999939,
22-11-2013,193.8000031,
23-11-2013,238.8000031,
24-11-2013,179.5,
25-11-2013,190.6000061,
26-11-2013,194.8000031,
27-11-2013,187.3000031,
28-11-2013,205.3000031,
29-11-2013,224.6999969,
30-11-2013,194.8000031,
1-12-2013,238.1999969,
2-12-2013,230.6000061,
3-12-2013,197.6999969,
4-12-2013,159.1000061,
5-12-2013,153.5,
6-12-2013,149.8999939,
7-12-2013,168.6000061,
8-12-2013,167.1000061,
9-12-2013,215.3000031,
10-12-2013,224.6000061,
11-12-2013,201.6999969,
12-12-2013,185.6999969,
13-12-2013,158.3999939,
14-12-2013,158,
15-12-2013,119.4000015,
16-12-2013,175,
17-12-2013,235.6000061,
18-12-2013,285.1000061,
19-12-2013,358.8999939,
20-12-2013,333.6000061,
21-12-2013,258.5,
22-12-2013,228.8000031,
23-12-2013,202.1000061,
24-12-2013,168.3999939,
25-12-2013,163.3999939,
26-12-2013,163.3999939,
27-12-2013,212.3000031,
28-12-2013,206.3999939,
29-12-2013,236.1999969,
30-12-2013,317.7999878,
31-12-2013,238.6000061,
1-1-2014,222.8000031,
2-1-2014,192.6000061,
3-1-2014,160.1999969,
4-1-2014,216.3999939,
5-1-2014,202.1999969,
6-1-2014,155,
7-1-2014,218.1999969,
8-1-2014,233.1000061,
9-1-2014,219.8000031,
10-1-2014,211.3999939,
11-1-2014,213.1000061,
12-1-2014,215.6999969,
13-1-2014,193.5,
14-1-2014,164.1999969,
15-1-2014,165.6000061,
16-1-2014,247.5,
17-1-2014,219.3999939,
18-1-2014,163.5,
19-1-2014,190.5,
20-1-2014,225.3000031,
21-1-2014,216.8999939,
22-1-2014,171.6000061,
23-1-2014,161,
24-1-2014,166.5,
25-1-2014,239.8000031,
26-1-2014,207.6000061,
27-1-2014,169.6999969,
28-1-2014,161,
29-1-2014,158.3999939,
30-1-2014,200.1999969,
31-1-2014,215.6999969,
1-2-2014,197.1999969,
2-2-2014,165.1000061,
3-2-2014,163.1000061,
4-2-2014,157.8999939,
5-2-2014,162.8000031,
6-2-2014,165.1000061,
7-2-2014,160.1999969,
8-2-2014,158.6000061,
9-2-2014,171.8999939,
10-2-2014,241.8999939,
11-2-2014,211.1999969,
12-2-2014,193.1000061,
13-2-2014,161.8999939,
14-2-2014,155.3999939,
15-2-2014,189.1999969,
16-2-2014,243.1999969,
17-2-2014,206,
18-2-2014,180.8999939,
19-2-2014,161.6999969,
20-2-2014,156.3000031,
21-2-2014,148.6000061,
22-2-2014,150.6000061,
23-2-2014,167.6000061,
24-2-2014,222.6000061,
25-2-2014,164.6000061,
26-2-2014,154.6000061,
27-2-2014,189.3999939,
28-2-2014,237.1999969,
1-3-2014,168.5,
2-3-2014,154.1000061,
3-3-2014,155.8000031,
4-3-2014,162.3999939,
5-3-2014,211,
6-3-2014,161.8000031,
7-3-2014,156.1000061,
8-3-2014,192.3999939,
9-3-2014,219.6999969,
10-3-2014,183.1999969,
11-3-2014,161.1000061,
12-3-2014,156.5,
13-3-2014,160.8000031,
14-3-2014,166.5,
15-3-2014,225.6000061,
16-3-2014,201.8999939,
17-3-2014,165.3000031,
18-3-2014,167.3999939,
19-3-2014,243.3999939,
20-3-2014,252.6999969,
21-3-2014,238.1000061,
22-3-2014,217.1999969,
23-3-2014,211.8999939,
24-3-2014,209.1999969,
25-3-2014,207.3999939,
26-3-2014,202.5,
27-3-2014,211.8999939,
28-3-2014,207.1000061,
29-3-2014,210.1000061,
30-3-2014,210.3999939,
31-3-2014,247.3000031,
1-4-2014,248.3999939,
2-4-2014,230.3000031,
3-4-2014,226,
4-4-2014,239.5,
5-4-2014,252.6000061,
6-4-2014,240.5,
7-4-2014,238.1000061,
8-4-2014,227.3000031,
9-4-2014,220.6000061,
10-4-2014,220.5,
11-4-2014,240.1000061,
12-4-2014,250.8999939,
13-4-2014,244,
14-4-2014,245.6000061,
15-4-2014,238.6000061,
16-4-2014,241.1000061,
17-4-2014,218.5,
18-4-2014,190.8000031,
19-4-2014,158.5,
20-4-2014,175.3999939,
21-4-2014,230.8999939,
22-4-2014,174.3000031,
23-4-2014,152.1000061,
24-4-2014,153.5,
25-4-2014,155.3000031,
26-4-2014,147,
27-4-2014,255.1000061,
28-4-2014,242.5,
29-4-2014,205.5,
30-4-2014,167.6999969,
1-5-2014,258.7000122,
2-5-2014,320.7999878,
3-5-2014,339.6000061,
4-5-2014,366.7999878,
5-5-2014,310.7000122,
6-5-2014,266.5,
7-5-2014,272.2999878,
8-5-2014,296.7000122,
9-5-2014,315.6000061,
10-5-2014,294.8999939,
11-5-2014,290,
12-5-2014,295.7000122,
13-5-2014,285.7999878,
14-5-2014,299.5,
15-5-2014,328,
16-5-2014,324.7999878,
17-5-2014,314.8999939,
18-5-2014,302.1000061,
19-5-2014,291.8999939,
20-5-2014,283.3999939,
21-5-2014,354.1000061,
22-5-2014,325,
23-5-2014,307.1000061,
24-5-2014,292.3999939,
25-5-2014,289.2999878,
26-5-2014,307,
27-5-2014,316.8999939,
28-5-2014,229.3999939,
29-5-2014,253.5,
30-5-2014,318.7999878,
31-5-2014,332.3999939,
1-6-2014,320.3999939,
2-6-2014,311.6000061,
3-6-2014,314.3999939,
4-6-2014,333.1000061,
5-6-2014,336.8999939,
6-6-2014,335.1000061,
7-6-2014,334.1000061,
8-6-2014,352.6000061,
9-6-2014,360,
10-6-2014,358,
11-6-2014,367.6000061,
12-6-2014,381.2000122,
13-6-2014,388.1000061,
14-6-2014,396.6000061,
15-6-2014,391.7999878,
16-6-2014,374.2999878,
17-6-2014,354.2000122,
18-6-2014,355.7999878,
19-6-2014,353.7000122,
20-6-2014,351.3999939,
21-6-2014,352.1000061,
22-6-2014,350.5,
23-6-2014,341.6000061,
24-6-2014,341.6000061,
25-6-2014,342.1000061,
26-6-2014,343.7000122,
27-6-2014,353.2000122,
28-6-2014,353.2000122,
29-6-2014,371.2000122,
30-6-2014,339.2999878,
1-7-2014,366,
2-7-2014,666.2999878,
3-7-2014,354.6000061,
4-7-2014,272.3999939,
5-7-2014,249.8000031,
6-7-2014,244.6999969,
7-7-2014,239.8999939,
8-7-2014,234.5,
9-7-2014,419.2000122,
10-7-2014,486.6000061,
11-7-2014,444.7000122,
12-7-2014,440.2999878,
13-7-2014,415.2000122,
14-7-2014,392.8999939,
15-7-2014,376,
16-7-2014,392,
17-7-2014,422,
18-7-2014,454,
19-7-2014,433.2000122,
20-7-2014,419.2999878,
21-7-2014,404,
22-7-2014,365.1000061,
23-7-2014,373.7000122,
24-7-2014,381.8999939,
25-7-2014,386.1000061,
26-7-2014,390.6000061,
27-7-2014,389.7000122,
28-7-2014,379.6000061,
29-7-2014,364.7999878,
30-7-2014,382.2000122,
31-7-2014,434.2999878,
1-8-2014,462.7999878,
2-8-2014,443,
3-8-2014,456.5,
4-8-2014,541.5,
5-8-2014,829.4000244,
6-8-2014,804.2999878,
7-8-2014,716.5999756,
8-8-2014,692,
9-8-2014,701,
10-8-2014,673.4000244,
11-8-2014,684.2999878,
12-8-2014,746.0999756,
13-8-2014,810.5999756,
14-8-2014,775.7000122,
15-8-2014,743.4000244,
16-8-2014,759.0999756,
17-8-2014,718.7999878,
18-8-2014,747.5999756,
19-8-2014,773,
20-8-2014,781.0999756,
21-8-2014,747.2999878,
22-8-2014,746.2000122,
23-8-2014,703.0999756,
24-8-2014,712.4000244,
25-8-2014,720.5999756,
26-8-2014,704.5999756,
27-8-2014,690.5999756,
28-8-2014,707.7000122,
29-8-2014,714.2000122,
30-8-2014,696.0999756,
31-8-2014,743.2000122,
1-9-2014,926.7000122,
2-9-2014,993,
3-9-2014,1006,
4-9-2014,1906,
5-9-2014,2045,
6-9-2014,1464,
7-9-2014,1515,
8-9-2014,1454,
9-9-2014,1357,
10-9-2014,1253,
11-9-2014,1170,
12-9-2014,1064,
13-9-2014,984.4000244,
14-9-2014,979.2999878,
15-9-2014,902.7000122,
16-9-2014,838.7999878,
17-9-2014,819.5999756,
18-9-2014,798,
19-9-2014,871,
20-9-2014,992.5999756,
21-9-2014,1144,
22-9-2014,1147,
23-9-2014,1093,
24-9-2014,1036,
25-9-2014,911.5,
26-9-2014,874.2000122,
27-9-2014,866,
28-9-2014,824.0999756,
29-9-2014,690.4000244,
30-9-2014,687.0999756,
1-10-2014,624,
2-10-2014,597,
3-10-2014,577.9000244,
4-10-2014,570.5999756,
5-10-2014,576.7000122,
6-10-2014,660.0999756,
7-10-2014,646.5999756,
8-10-2014,579.2000122,
9-10-2014,548.2999878,
10-10-2014,520.0999756,
11-10-2014,512,
12-10-2014,508.2999878,
13-10-2014,484.3999939,
14-10-2014,466,
15-10-2014,451.6000061,
16-10-2014,424.2000122,
17-10-2014,400.8999939,
18-10-2014,384.7999878,
19-10-2014,367.6000061,
20-10-2014,356.6000061,
21-10-2014,335.7999878,
22-10-2014,327.3999939,
23-10-2014,329.1000061,
24-10-2014,334.6000061,
25-10-2014,330.7000122,
26-10-2014,321.7999878,
27-10-2014,313,
28-10-2014,304.7999878,
29-10-2014,287.7000122,
30-10-2014,277.3999939,
31-10-2014,322.6000061,
1-11-2014,351.1000061,
2-11-2014,342.1000061,
3-11-2014,318.7000122,
4-11-2014,286.3999939,
5-11-2014,265,
6-11-2014,271.1000061,
7-11-2014,271.3999939,
8-11-2014,268.5,
9-11-2014,265.3999939,
10-11-2014,260.5,
11-11-2014,257.1000061,
12-11-2014,253,
13-11-2014,249.6999969,
14-11-2014,257,
15-11-2014,263.6000061,
16-11-2014,256.2999878,
17-11-2014,250.1000061,
18-11-2014,245,
19-11-2014,239.6999969,
20-11-2014,238.5,
21-11-2014,249.1999969,
22-11-2014,264.6000061,
23-11-2014,248.3999939,
24-11-2014,254.3000031,
25-11-2014,237.8999939,
26-11-2014,232.6999969,
27-11-2014,235.5,
28-11-2014,244.1000061,
29-11-2014,248.8999939,
30-11-2014,250.8000031,
1-12-2014,233.8999939,
2-12-2014,227,
3-12-2014,223.1999969,
4-12-2014,231.6999969,
5-12-2014,235.6000061,
6-12-2014,238,
7-12-2014,237,
8-12-2014,220.3000031,
9-12-2014,225.3000031,
10-12-2014,236.5,
11-12-2014,242,
12-12-2014,247.3000031,
13-12-2014,244.6000061,
14-12-2014,235.8999939,
15-12-2014,234.6999969,
16-12-2014,217.1000061,
17-12-2014,217.8000031,
18-12-2014,229.1999969,
19-12-2014,240.3999939,
20-12-2014,247.1999969,
21-12-2014,237.5,
22-12-2014,222.8999939,
23-12-2014,220.6999969,
24-12-2014,213.5,
25-12-2014,219.1000061,
26-12-2014,224.3000031,
27-12-2014,231.1999969,
28-12-2014,240.5,
29-12-2014,248.6999969,
30-12-2014,251.6000061,
31-12-2014,256.5,
1-1-2015,277.1000061,
2-1-2015,289.5,
3-1-2015,287.7999878,
4-1-2015,245.8999939,
5-1-2015,214.8999939,
6-1-2015,206.5,
7-1-2015,203.8999939,
8-1-2015,202.1999969,
9-1-2015,214.8000031,
10-1-2015,253,
11-1-2015,254.5,
12-1-2015,257.1000061,
13-1-2015,262.7000122,
14-1-2015,250.8999939,
15-1-2015,232.6999969,
16-1-2015,236.6000061,
17-1-2015,244.3999939,
18-1-2015,243.6999969,
19-1-2015,243.5,
20-1-2015,246.3000031,
21-1-2015,250.6000061,
22-1-2015,252.8999939,
23-1-2015,254.3000031,
24-1-2015,256,
25-1-2015,258.6000061,
26-1-2015,259.7999878,
27-1-2015,252.6000061,
28-1-2015,229.6000061,
29-1-2015,222.3999939,
30-1-2015,225.6000061,
31-1-2015,243.8999939,
1-2-2015,270.7000122,
2-2-2015,275.2999878,
3-2-2015,251.8000031,
4-2-2015,247.1000061,
5-2-2015,265.2000122,
6-2-2015,294.7999878,
7-2-2015,290,
8-2-2015,274.2000122,
9-2-2015,274.5,
10-2-2015,281.2999878,
11-2-2015,272,
12-2-2015,268.3999939,
13-2-2015,268.3999939,
14-2-2015,267.1000061,
15-2-2015,264.2999878,
16-2-2015,254.8000031,
17-2-2015,239.1999969,
18-2-2015,224.8999939,
19-2-2015,235.1999969,
20-2-2015,262.2000122,
21-2-2015,285.1000061,
22-2-2015,291.7999878,
23-2-2015,262.7999878,
24-2-2015,224.1999969,
25-2-2015,207.3999939,
26-2-2015,208.3000031,
27-2-2015,228.1999969,
28-2-2015,218.8000031,
1-3-2015,254.1000061,
2-3-2015,259.8999939,
3-3-2015,258.2999878,
4-3-2015,249.6000061,
5-3-2015,255.8000031,
6-3-2015,265.5,
7-3-2015,273.7999878,
8-3-2015,274.3999939,
9-3-2015,278.2000122,
10-3-2015,277.1000061,
11-3-2015,274.1000061,
12-3-2015,301.7999878,
13-3-2015,315.3999939,
14-3-2015,303.3999939,
15-3-2015,285.2999878,
16-3-2015,286,
17-3-2015,276.7999878,
18-3-2015,260.6000061,
19-3-2015,256.2000122,
20-3-2015,264.8999939,
21-3-2015,268.5,
22-3-2015,262.6000061,
23-3-2015,249.5,
24-3-2015,243.6000061,
25-3-2015,246.3999939,
26-3-2015,250.1000061,
27-3-2015,253.1999969,
28-3-2015,256.7999878,
29-3-2015,251.8999939,
30-3-2015,252.6999969,
31-3-2015,271.8999939,
1-4-2015,292.7000122,
2-4-2015,295.7000122,
3-4-2015,292.6000061,
4-4-2015,280,
5-4-2015,298.8999939,
6-4-2015,306.2000122,
7-4-2015,311.1000061,
8-4-2015,300.6000061,
9-4-2015,287.1000061,
10-4-2015,277.5,
11-4-2015,275.2999878,
12-4-2015,302.8999939,
13-4-2015,308.7000122,
14-4-2015,301.5,
15-4-2015,279.6000061,
16-4-2015,269.8999939,
17-4-2015,277.7999878,
18-4-2015,286.7000122,
19-4-2015,284.8999939,
20-4-2015,287.3999939,
21-4-2015,303.2999878,
22-4-2015,291.6000061,
23-4-2015,279.6000061,
24-4-2015,269.6000061,
25-4-2015,284.2000122,
26-4-2015,287,
27-4-2015,283.2999878,
28-4-2015,274.5,
29-4-2015,278,
30-4-2015,277.8999939,
1-5-2015,296.2000122,
2-5-2015,301,
3-5-2015,311.8999939,
4-5-2015,301.6000061,
5-5-2015,294.8999939,
6-5-2015,289,
7-5-2015,275.1000061,
8-5-2015,291.5,
9-5-2015,305.8999939,
10-5-2015,308.8999939,
11-5-2015,311.3999939,
12-5-2015,298.6000061,
13-5-2015,287.6000061,
14-5-2015,301.8999939,
15-5-2015,302.5,
16-5-2015,308.8999939,
17-5-2015,299.2000122,
18-5-2015,303.1000061,
19-5-2015,302.7000122,
20-5-2015,292.2999878,
21-5-2015,303.2000122,
22-5-2015,313.8999939,
23-5-2015,315.7999878,
24-5-2015,311.7999878,
25-5-2015,303.1000061,
26-5-2015,289.7999878,
27-5-2015,257.2999878,
28-5-2015,274.7000122,
29-5-2015,281.3999939,
30-5-2015,296.8999939,
31-5-2015,316.7999878,
1-6-2015,320.3999939,
2-6-2015,316.7999878,
3-6-2015,322.1000061,
4-6-2015,321.6000061,
5-6-2015,316.1000061,
6-6-2015,302.5,
7-6-2015,307,
8-6-2015,316.2000122,
9-6-2015,289.5,
10-6-2015,322.1000061,
11-6-2015,274.8999939,
12-6-2015,227.3999939,
13-6-2015,199.1000061,
14-6-2015,191.1000061,
15-6-2015,177.8999939,
16-6-2015,172.5,
17-6-2015,192.8000031,
18-6-2015,194.1000061,
19-6-2015,190.3999939,
20-6-2015,186.5,
21-6-2015,193.5,
22-6-2015,276.5,
23-6-2015,318.2999878,
24-6-2015,331.7000122,
25-6-2015,315.6000061,
26-6-2015,324.1000061,
27-6-2015,315.2999878,
28-6-2015,306.7000122,
29-6-2015,302.2999878,
30-6-2015,,
1-7-2015,,
2-7-2015,310.7999878,
3-7-2015,309.2000122,
4-7-2015,311.3999939,
5-7-2015,311.2999878,
6-7-2015,301.8999939,
7-7-2015,307,
8-7-2015,331.7999878,
9-7-2015,364.3999939,
10-7-2015,412.7000122,
11-7-2015,454.6000061,
12-7-2015,473.3999939,
13-7-2015,524.4000244,
14-7-2015,581.2000122,
15-7-2015,546,
16-7-2015,484.7000122,
17-7-2015,440.8999939,
18-7-2015,417.2000122,
19-7-2015,432.1000061,
20-7-2015,491,
21-7-2015,523.5,
22-7-2015,481.7999878,
23-7-2015,432.6000061,
24-7-2015,423.8999939,
25-7-2015,421.7999878,
26-7-2015,587.9000244,
27-7-2015,660.2000122,
28-7-2015,672.9000244,
29-7-2015,795,
30-7-2015,740.7000122,
31-7-2015,673.2999878,
1-8-2015,726.5999756,
2-8-2015,818.0999756,
3-8-2015,768.5999756,
4-8-2015,833.7999878,
5-8-2015,897.9000244,
6-8-2015,914.5999756,
7-8-2015,788.7999878,
8-8-2015,881.9000244,
9-8-2015,1261,
10-8-2015,1421,
11-8-2015,1448,
12-8-2015,1380,
13-8-2015,1361,
14-8-2015,1248,
15-8-2015,986.2999878,
16-8-2015,856.4000244,
17-8-2015,1001,
18-8-2015,1258,
19-8-2015,,
20-8-2015,,
21-8-2015,1151,
22-8-2015,1141,
23-8-2015,1211,
24-8-2015,1337,
25-8-2015,1158,
26-8-2015,1251,
27-8-2015,1479,
28-8-2015,1534,
29-8-2015,1786,
30-8-2015,1638,
31-8-2015,1565,
1-9-2015,1873,
2-9-2015,2320,
3-9-2015,2224,
4-9-2015,1967,
5-9-2015,1509,
6-9-2015,1427,
7-9-2015,1436,
8-9-2015,1417,
9-9-2015,1360,
10-9-2015,1344,
11-9-2015,1343,
12-9-2015,1430,
13-9-2015,1479,
14-9-2015,1469,
15-9-2015,1385,
16-9-2015,1360,
17-9-2015,1197,
18-9-2015,1121,
19-9-2015,1030,
20-9-2015,914.9000244,
21-9-2015,892.9000244,
22-9-2015,902.5999756,
23-9-2015,931.4000244,
24-9-2015,1087,
25-9-2015,1132,
26-9-2015,1051,
27-9-2015,930.0999756,
28-9-2015,950.5999756,
29-9-2015,931.4000244,
30-9-2015,893.5,
1-10-2015,873.2999878,
2-10-2015,802.5,
3-10-2015,760.7999878,
4-10-2015,747.0999756,
5-10-2015,727,
6-10-2015,684.0999756,
7-10-2015,699.9000244,
8-10-2015,765.2999878,
9-10-2015,770.5999756,
10-10-2015,724.9000244,
11-10-2015,777.5999756,
12-10-2015,707,
13-10-2015,620,
14-10-2015,581.0999756,
15-10-2015,553.2999878,
16-10-2015,554.2999878,
17-10-2015,537.7999878,
18-10-2015,508.2999878,
19-10-2015,494.7999878,
20-10-2015,593.2999878,
21-10-2015,809.9000244,
22-10-2015,926.5,
23-10-2015,731.2000122,
24-10-2015,812.5,
25-10-2015,986.5999756,
26-10-2015,906.5,
27-10-2015,850.5,
28-10-2015,777.9000244,
29-10-2015,752.2000122,
30-10-2015,728.0999756,
31-10-2015,721.5,
1-11-2015,628.5,
2-11-2015,683.7999878,
3-11-2015,639.5,
4-11-2015,680.4000244,
5-11-2015,731.7000122,
6-11-2015,704.5999756,
7-11-2015,626.7000122,
8-11-2015,593,
9-11-2015,575.2000122,
10-11-2015,544.4000244,
11-11-2015,515.4000244,
12-11-2015,529.0999756,
13-11-2015,519.4000244,
14-11-2015,502.7000122,
15-11-2015,462.3999939,
16-11-2015,426.1000061,
17-11-2015,400.1000061,
18-11-2015,369.2000122,
19-11-2015,365.7999878,
20-11-2015,371.2999878,
21-11-2015,353.2999878,
22-11-2015,344.8999939,
23-11-2015,348.2000122,
24-11-2015,331.3999939,
25-11-2015,308.2000122,
26-11-2015,284.6000061,
27-11-2015,297.2999878,
28-11-2015,341.8999939,
29-11-2015,345,
30-11-2015,352.5,
1-12-2015,347.2999878,
2-12-2015,339.7999878,
3-12-2015,340,
4-12-2015,332.2000122,
5-12-2015,328.5,
6-12-2015,351.2999878,
7-12-2015,342.2000122,
8-12-2015,268.7999878,
9-12-2015,269.7999878,
10-12-2015,294.6000061,
11-12-2015,307.8999939,
12-12-2015,298.1000061,
13-12-2015,283.2999878,
14-12-2015,293.6000061,
15-12-2015,272.8999939,
16-12-2015,266.7999878,
17-12-2015,234.8999939,
18-12-2015,199.5,
19-12-2015,184.6999969,
20-12-2015,175.1999969,
21-12-2015,178.5,
22-12-2015,179.3999939,
23-12-2015,179.3000031,
24-12-2015,179.3999939,
25-12-2015,176.3000031,
26-12-2015,161.6000061,
27-12-2015,148.5,
28-12-2015,139.5,
29-12-2015,127.6999969,
30-12-2015,113.5999985,
31-12-2015,102.6999969,
1-1-2016,94.05000305,
2-1-2016,91.63999939,
3-1-2016,93.66000366,
4-1-2016,121.4000015,
5-1-2016,213.6999969,
6-1-2016,282.1000061,
7-1-2016,248.3000031,
8-1-2016,243.1000061,
9-1-2016,243.5,
10-1-2016,242.3999939,
11-1-2016,227.6999969,
12-1-2016,251,
13-1-2016,237.8000031,
14-1-2016,225.1000061,
15-1-2016,226.3999939,
16-1-2016,228.6999969,
17-1-2016,243.8000031,
18-1-2016,247.8999939,
19-1-2016,250.8000031,
20-1-2016,251.3999939,
21-1-2016,251.8000031,
22-1-2016,251.3000031,
23-1-2016,243.6000061,
24-1-2016,254.6999969,
25-1-2016,254.6000061,
26-1-2016,249.1000061,
27-1-2016,246.8000031,
28-1-2016,254.6999969,
29-1-2016,247.8999939,
30-1-2016,242.3999939,
31-1-2016,241.1000061,
1-2-2016,243.8000031,
2-2-2016,227.8999939,
3-2-2016,219.3000031,
4-2-2016,229.1999969,
5-2-2016,255.1000061,
6-2-2016,253.3999939,
7-2-2016,250.6000061,
8-2-2016,252.1000061,
9-2-2016,256.6000061,
10-2-2016,251.8999939,
11-2-2016,250.6000061,
12-2-2016,231.8999939,
13-2-2016,247.5,
14-2-2016,290.3999939,
15-2-2016,304.2999878,
16-2-2016,304.2000122,
17-2-2016,268.6000061,
18-2-2016,256.3999939,
19-2-2016,265.6000061,
20-2-2016,273.1000061,
21-2-2016,264.6000061,
22-2-2016,256.1000061,
23-2-2016,257.2999878,
24-2-2016,267.7000122,
25-2-2016,280.3999939,
26-2-2016,284.2000122,
27-2-2016,285,
28-2-2016,281.2999878,
29-2-2016,,
1-3-2016,,
2-3-2016,250.6999969,
3-3-2016,252.1000061,
4-3-2016,264.1000061,
5-3-2016,286.1000061,
6-3-2016,307.6000061,
7-3-2016,300.6000061,
8-3-2016,290.1000061,
9-3-2016,286,
10-3-2016,268.2000122,
11-3-2016,260,
12-3-2016,264.1000061,
13-3-2016,316.3999939,
14-3-2016,305.7000122,
15-3-2016,284.1000061,
16-3-2016,237.3999939,
17-3-2016,235.3999939,
18-3-2016,270.2000122,
19-3-2016,296.2999878,
20-3-2016,308.3999939,
21-3-2016,311.1000061,
22-3-2016,293,
23-3-2016,278.1000061,
24-3-2016,315.5,
25-3-2016,306,
26-3-2016,321.7999878,
27-3-2016,322.2999878,
28-3-2016,315.8999939,
29-3-2016,327.2000122,
30-3-2016,,
31-3-2016,,
1-4-2016,,
2-4-2016,333.1000061,
3-4-2016,326.5,
4-4-2016,324.7999878,
5-4-2016,325.2000122,
6-4-2016,332.3999939,
7-4-2016,333.1000061,
8-4-2016,322,
9-4-2016,287.8999939,
10-4-2016,288.6000061,
11-4-2016,321.2000122,
12-4-2016,323.3999939,
13-4-2016,314.7000122,
14-4-2016,303.7000122,
15-4-2016,299.3999939,
16-4-2016,305.7000122,
17-4-2016,312,
18-4-2016,316.2999878,
19-4-2016,326.8999939,
20-4-2016,323.7999878,
21-4-2016,320.8999939,
22-4-2016,314.5,
23-4-2016,342.5,
24-4-2016,344.7000122,
25-4-2016,337.6000061,
26-4-2016,321.3999939,
27-4-2016,321.6000061,
28-4-2016,329.2000122,
29-4-2016,,
30-4-2016,,
1-5-2016,,
2-5-2016,265.3999939,
3-5-2016,249.6000061,
4-5-2016,233.6999969,
5-5-2016,220.6999969,
6-5-2016,223.3000031,
7-5-2016,249.3999939,
8-5-2016,315.2999878,
9-5-2016,307.3999939,
10-5-2016,317.1000061,
11-5-2016,316.2000122,
12-5-2016,312.2999878,
13-5-2016,333.7000122,
14-5-2016,350.8999939,
15-5-2016,330.3999939,
16-5-2016,334.7999878,
17-5-2016,342.2000122,
18-5-2016,327.7000122,
19-5-2016,321.8999939,
20-5-2016,380.2999878,
21-5-2016,368.8999939,
22-5-2016,358.3999939,
23-5-2016,351.8999939,
24-5-2016,334.5,
25-5-2016,295.7999878,
26-5-2016,288.5,
27-5-2016,310.6000061,
28-5-2016,334.1000061,
29-5-2016,351.5,
30-5-2016,354.2999878,
31-5-2016,311.7000122,
1-6-2016,255.3000031,
2-6-2016,288.2000122,
3-6-2016,332.1000061,
4-6-2016,326.8999939,
5-6-2016,325.3999939,
6-6-2016,313.8999939,
7-6-2016,293.2000122,
8-6-2016,275.8999939,
9-6-2016,259.5,
10-6-2016,295.2000122,
11-6-2016,310.8999939,
12-6-2016,348.7000122,
13-6-2016,352.8999939,
14-6-2016,321.7999878,
15-6-2016,288.6000061,
16-6-2016,267.5,
17-6-2016,255.8000031,
18-6-2016,271.5,
19-6-2016,289.7000122,
20-6-2016,302.6000061,
21-6-2016,311.2999878,
22-6-2016,308.8999939,
23-6-2016,305.2999878,
24-6-2016,314.3999939,
25-6-2016,339.2000122,
26-6-2016,373.6000061,
27-6-2016,353.5,
28-6-2016,318.8999939,
29-6-2016,305.7000122,
30-6-2016,303.7999878,
1-7-2016,297.2999878,
2-7-2016,349.5,
3-7-2016,388.2000122,
4-7-2016,492.5,
5-7-2016,492.7000122,
6-7-2016,517.7999878,
7-7-2016,536.5,
8-7-2016,527.2000122,
9-7-2016,507.7000122,
10-7-2016,464.3999939,
11-7-2016,384.5,
12-7-2016,420.3999939,
13-7-2016,473.8999939,
14-7-2016,455.2000122,
15-7-2016,403.7000122,
16-7-2016,456.7999878,
17-7-2016,672.2999878,
18-7-2016,595.9000244,
19-7-2016,524.2999878,
20-7-2016,454,
21-7-2016,426.8999939,
22-7-2016,528.2999878,
23-7-2016,604.2000122,
24-7-2016,835.9000244,
25-7-2016,1089,
26-7-2016,1101,
27-7-2016,1100,
28-7-2016,1018,
29-7-2016,991.0999756,
30-7-2016,908.7000122,
31-7-2016,1008,
1-8-2016,1203,
2-8-2016,1111,
3-8-2016,905.2999878,
4-8-2016,771.7000122,
5-8-2016,712.2000122,
6-8-2016,646.0999756,
7-8-2016,708.9000244,
8-8-2016,702.4000244,
9-8-2016,668.2000122,
10-8-2016,694.9000244,
11-8-2016,797.5,
12-8-2016,969.7000122,
13-8-2016,1127,
14-8-2016,961.2000122,
15-8-2016,916.5999756,
16-8-2016,879.5,
17-8-2016,1024,
18-8-2016,1173,
19-8-2016,1338,
20-8-2016,1398,
21-8-2016,1516,
22-8-2016,1478,
23-8-2016,1514,
24-8-2016,1529,
25-8-2016,1431,
26-8-2016,1282,
27-8-2016,1250,
28-8-2016,1309,
29-8-2016,1540,
30-8-2016,1813,
31-8-2016,,
1-9-2016,,
2-9-2016,2841,
3-9-2016,2109,
4-9-2016,1933,
5-9-2016,1954,
6-9-2016,1903,
7-9-2016,1649,
8-9-2016,1488,
9-9-2016,1363,
10-9-2016,1287,
11-9-2016,1351,
12-9-2016,1525,
13-9-2016,1773,
14-9-2016,1901,
15-9-2016,1933,
16-9-2016,1879,
17-9-2016,1883,
18-9-2016,1809,
19-9-2016,1640,
20-9-2016,1482,
21-9-2016,1303,
22-9-2016,1242,
23-9-2016,1211,
24-9-2016,1298,
25-9-2016,1648,
26-9-2016,1822,
27-9-2016,1804,
28-9-2016,1977,
29-9-2016,1944,
30-9-2016,1777,
1-10-2016,1792,
2-10-2016,1719,
3-10-2016,1579,
4-10-2016,1566,
5-10-2016,1639,
6-10-2016,1546,
7-10-2016,1341,
8-10-2016,1240,
9-10-2016,1247,
10-10-2016,1217,
11-10-2016,1167,
12-10-2016,1122,
13-10-2016,1198,
14-10-2016,901.7999878,
15-10-2016,848.7999878,
16-10-2016,838.7999878,
17-10-2016,839.5999756,
18-10-2016,841.7000122,
19-10-2016,867.9000244,
20-10-2016,903,
21-10-2016,824.0999756,
22-10-2016,748,
23-10-2016,671.2999878,
24-10-2016,642.2999878,
25-10-2016,657.0999756,
26-10-2016,651.0999756,
27-10-2016,621.2000122,
28-10-2016,594.4000244,
29-10-2016,575.9000244,
30-10-2016,568.4000244,
31-10-2016,,
1-11-2016,,
2-11-2016,519.2000122,
3-11-2016,484.3999939,
4-11-2016,450.3999939,
5-11-2016,433.5,
6-11-2016,423.2999878,
7-11-2016,421.8999939,
8-11-2016,403,
9-11-2016,399.2000122,
10-11-2016,402.6000061,
11-11-2016,419.8999939,
12-11-2016,474.5,
13-11-2016,434.6000061,
14-11-2016,420.6000061,
15-11-2016,407.2000122,
16-11-2016,393.3999939,
17-11-2016,343.1000061,
18-11-2016,302.2000122,
19-11-2016,390.6000061,
20-11-2016,339.3999939,
21-11-2016,321.5,
22-11-2016,313.3999939,
23-11-2016,299.1000061,
24-11-2016,277.7000122,
25-11-2016,264,
26-11-2016,244.5,
27-11-2016,237.8999939,
28-11-2016,232.6000061,
29-11-2016,240.8000031,
30-11-2016,255.1000061,
1-12-2016,245.1999969,
2-12-2016,332.2000122,
3-12-2016,340.8999939,
4-12-2016,341.7000122,
5-12-2016,358.7000122,
6-12-2016,340,
7-12-2016,248.6000061,
8-12-2016,188.6999969,
9-12-2016,74.38999939,
10-12-2016,55.50999832,
11-12-2016,64.88999939,
12-12-2016,83.23999786,
13-12-2016,120.4000015,
14-12-2016,213.1999969,
15-12-2016,201.6000061,
16-12-2016,178,
17-12-2016,165.1999969,
18-12-2016,166.1000061,
19-12-2016,162.3999939,
20-12-2016,153.8999939,
21-12-2016,150.3000031,
22-12-2016,124.1999969,
23-12-2016,100.0999985,
24-12-2016,71.88999939,
25-12-2016,62.15999985,
26-12-2016,55.02999878,
27-12-2016,52.08000183,
28-12-2016,52.08000183,
29-12-2016,52.08000183,
30-12-2016,52.08000183,
31-12-2016,52.08000183,
1-1-2017,52.08000183,
2-1-2017,52.31999969,
3-1-2017,57.34000015,
4-1-2017,59.15000153,
5-1-2017,59.83000183,
6-1-2017,63.68999863,
7-1-2017,81.16999817,
8-1-2017,118.8000031,
9-1-2017,163.8999939,
10-1-2017,176.5,
11-1-2017,154.3999939,
12-1-2017,159.8000031,
13-1-2017,241,
14-1-2017,254.6000061,
15-1-2017,240,
16-1-2017,239,
17-1-2017,229.8999939,
18-1-2017,213.6999969,
19-1-2017,217.8000031,
20-1-2017,279.7999878,
21-1-2017,295.6000061,
22-1-2017,279.7000122,
23-1-2017,248.1000061,
24-1-2017,237.6999969,
25-1-2017,218.8000031,
26-1-2017,175,
27-1-2017,272.8999939,
28-1-2017,282.6000061,
29-1-2017,285.6000061,
30-1-2017,249.3999939,
31-1-2017,238.8000031,
1-2-2017,256.1000061,
2-2-2017,299.7999878,
3-2-2017,338.3999939,
4-2-2017,333,
5-2-2017,314.8999939,
6-2-2017,290.7000122,
7-2-2017,248.6000061,
8-2-2017,236.6999969,
9-2-2017,235.8000031,
10-2-2017,253.3999939,
11-2-2017,310,
12-2-2017,336.8999939,
13-2-2017,346.1000061,
14-2-2017,344.7000122,
15-2-2017,311.8999939,
16-2-2017,311.2000122,
17-2-2017,310.3999939,
18-2-2017,312.7000122,
19-2-2017,350.2999878,
20-2-2017,331.7999878,
21-2-2017,309,
22-2-2017,287.2000122,
23-2-2017,295,
24-2-2017,303.8999939,
25-2-2017,321.2999878,
26-2-2017,319.5,
27-2-2017,323.1000061,
28-2-2017,325.7999878,
1-3-2017,318.8999939,
2-3-2017,306.2999878,
3-3-2017,291.2999878,
4-3-2017,279,
5-3-2017,274.8999939,
6-3-2017,266.2000122,
7-3-2017,261.2999878,
8-3-2017,247.6999969,
9-3-2017,227.1999969,
10-3-2017,254,
11-3-2017,254.6000061,
12-3-2017,322.5,
13-3-2017,327,
14-3-2017,297,
15-3-2017,256.1000061,
16-3-2017,291.7000122,
17-3-2017,313.7999878,
18-3-2017,336.2999878,
19-3-2017,340.2999878,
20-3-2017,337.1000061,
21-3-2017,321.1000061,
22-3-2017,307.7999878,
23-3-2017,295.1000061,
24-3-2017,302.2000122,
25-3-2017,301.6000061,
26-3-2017,282.3999939,
27-3-2017,255.6999969,
28-3-2017,293.3999939,
29-3-2017,320.2000122,
30-3-2017,336.8999939,
31-3-2017,361.1000061,
1-4-2017,347.3999939,
2-4-2017,321.2999878,
3-4-2017,307.5,
4-4-2017,317.7000122,
5-4-2017,306.2000122,
6-4-2017,302.2000122,
7-4-2017,311.7999878,
8-4-2017,319.2000122,
9-4-2017,311.1000061,
10-4-2017,312.7000122,
11-4-2017,340.2000122,
12-4-2017,319.3999939,
13-4-2017,299.7999878,
14-4-2017,276.2000122,
15-4-2017,278.2999878,
16-4-2017,296.2000122,
17-4-2017,321.1000061,
18-4-2017,290,
19-4-2017,301.1000061,
20-4-2017,363.3999939,
21-4-2017,346.7999878,
22-4-2017,330.7999878,
23-4-2017,308,
24-4-2017,302.7000122,
25-4-2017,309.7000122,
26-4-2017,316.2000122,
27-4-2017,328.5,
28-4-2017,326.7999878,
29-4-2017,290.7999878,
30-4-2017,278.7999878,
1-5-2017,272.5,
2-5-2017,265.7999878,
3-5-2017,261.5,
4-5-2017,436.8999939,
5-5-2017,359.5,
6-5-2017,370.7999878,
7-5-2017,334.7000122,
8-5-2017,325.2000122,
9-5-2017,318.7000122,
10-5-2017,329.6000061,
11-5-2017,389.5,
12-5-2017,404.7999878,
13-5-2017,384.1000061,
14-5-2017,347.2000122,
15-5-2017,343.3999939,
16-5-2017,336.7999878,
17-5-2017,327.1000061,
18-5-2017,366.5,
19-5-2017,409.3999939,
20-5-2017,406.7000122,
21-5-2017,394.6000061,
22-5-2017,400.6000061,
23-5-2017,332,
24-5-2017,320.2000122,
25-5-2017,326.2999878,
26-5-2017,375.7999878,
27-5-2017,370.8999939,
28-5-2017,374.7000122,
29-5-2017,361.3999939,
30-5-2017,362.2999878,
31-5-2017,385.1000061,
1-6-2017,402.6000061,
2-6-2017,407.8999939,
3-6-2017,406.6000061,
4-6-2017,405.2000122,
5-6-2017,406.2000122,
6-6-2017,403.2000122,
7-6-2017,431.5,
8-6-2017,426.7000122,
9-6-2017,439.2000122,
10-6-2017,449.2999878,
11-6-2017,449.5,
12-6-2017,405.7999878,
13-6-2017,377.2000122,
14-6-2017,366.5,
15-6-2017,372.2999878,
16-6-2017,340.5,
17-6-2017,315.7999878,
18-6-2017,335.8999939,
19-6-2017,332.8999939,
20-6-2017,330.7000122,
21-6-2017,346.6000061,
22-6-2017,427.7999878,
23-6-2017,378.2999878,
24-6-2017,368.2000122,
25-6-2017,411.5,
26-6-2017,504.2999878,
27-6-2017,526.9000244,
28-6-2017,530.5999756,
29-6-2017,477.1000061,
30-6-2017,430.8999939,
1-7-2017,418.7999878,
2-7-2017,430.8999939,
3-7-2017,453.5,
4-7-2017,477.7000122,
5-7-2017,569.4000244,
6-7-2017,566.7000122,
7-7-2017,602.5,
8-7-2017,522.2999878,
9-7-2017,447.2000122,
10-7-2017,419.2000122,
11-7-2017,396.3999939,
12-7-2017,443,
13-7-2017,477.1000061,
14-7-2017,463.3999939,
15-7-2017,671.2000122,
16-7-2017,780.2999878,
17-7-2017,644.5,
18-7-2017,593.2999878,
19-7-2017,579,
20-7-2017,563.5,
21-7-2017,543.5999756,
22-7-2017,635.2999878,
23-7-2017,708.4000244,
24-7-2017,643.7000122,
25-7-2017,550.2000122,
26-7-2017,529.2000122,
27-7-2017,525.5999756,
28-7-2017,494.7999878,
29-7-2017,455.1000061,
30-7-2017,553.0999756,
31-7-2017,539.7999878,
1-8-2017,367,
2-8-2017,572.2000122,
3-8-2017,429.7999878,
4-8-2017,429.7999878,
5-8-2017,419.2999878,
6-8-2017,415.3999939,
7-8-2017,393.2999878,
8-8-2017,385.2000122,
9-8-2017,377.7999878,
10-8-2017,397.7999878,
11-8-2017,453.8999939,
12-8-2017,526.7999878,
13-8-2017,571.2000122,
14-8-2017,643.5,
15-8-2017,590.0999756,
16-8-2017,529.0999756,
17-8-2017,487.3999939,
18-8-2017,511.2000122,
19-8-2017,527.5,
20-8-2017,641.5,
21-8-2017,568.5999756,
22-8-2017,507.1000061,
23-8-2017,656,
24-8-2017,810.0999756,
25-8-2017,892.4000244,
26-8-2017,1144,
27-8-2017,1137,
28-8-2017,1037,
29-8-2017,940.4000244,
30-8-2017,866.7999878,
31-8-2017,807,
1-9-2017,794.5,
2-9-2017,755.2999878,
3-9-2017,703.9000244,
4-9-2017,649.9000244,
5-9-2017,589.7999878,
6-9-2017,574.5999756,
7-9-2017,613.7000122,
8-9-2017,650.2999878,
9-9-2017,633.7999878,
10-9-2017,697.0999756,
11-9-2017,785.9000244,
12-9-2017,870.7000122,
13-9-2017,973.9000244,
14-9-2017,967.2999878,
15-9-2017,913.0999756,
16-9-2017,870.5,
17-9-2017,867.2999878,
18-9-2017,844.2999878,
19-9-2017,838.7999878,
20-9-2017,849.7000122,
21-9-2017,822.9000244,
22-9-2017,781.2999878,
23-9-2017,740.4000244,
24-9-2017,712.5,
25-9-2017,702.5,
26-9-2017,703.0999756,
27-9-2017,695,
28-9-2017,684.0999756,
29-9-2017,674.7999878,
30-9-2017,657.4000244,
1-10-2017,638.5,
2-10-2017,627.7999878,
3-10-2017,612,
4-10-2017,607.7000122,
5-10-2017,595.5999756,
6-10-2017,584.5,
7-10-2017,579.4000244,
8-10-2017,575.5,
9-10-2017,571.9000244,
10-10-2017,568.4000244,
11-10-2017,563.2999878,
12-10-2017,558,
13-10-2017,553.0999756,
14-10-2017,548.2000122,
15-10-2017,544.5999756,
16-10-2017,541,
17-10-2017,534.5999756,
18-10-2017,529.2999878,
19-10-2017,524,
20-10-2017,510.7000122,
21-10-2017,492.6000061,
22-10-2017,484,
23-10-2017,474,
24-10-2017,459.6000061,
25-10-2017,450.7999878,
26-10-2017,441.2999878,
27-10-2017,438.2000122,
28-10-2017,448.5,
29-10-2017,447.2000122,
30-10-2017,430.2999878,
31-10-2017,419.2999878,
1-11-2017,412.8999939,
2-11-2017,406.5,
3-11-2017,398.8999939,
4-11-2017,391.3999939,
5-11-2017,386.2999878,
6-11-2017,377.5,
7-11-2017,369.6000061,
8-11-2017,361.5,
9-11-2017,358.1000061,
10-11-2017,355,
11-11-2017,350.8999939,
12-11-2017,346.6000061,
13-11-2017,340.7999878,
14-11-2017,331.7000122,
15-11-2017,313.8999939,
16-11-2017,302.2000122,
17-11-2017,288,
18-11-2017,268.8999939,
19-11-2017,253.6000061,
20-11-2017,238.1999969,
21-11-2017,221.8999939,
22-11-2017,210.8000031,
23-11-2017,201.5,
24-11-2017,194.6000061,
25-11-2017,196.3000031,
26-11-2017,200,
27-11-2017,207.3000031,
28-11-2017,231.1999969,
29-11-2017,241.6999969,
30-11-2017,243.6999969,
1-12-2017,247.5,
2-12-2017,251.6000061,
3-12-2017,250.5,
4-12-2017,247.6999969,
5-12-2017,244.8999939,
6-12-2017,242.1999969,
7-12-2017,240.6000061,
8-12-2017,236.8999939,
9-12-2017,233.8000031,
10-12-2017,229.8999939,
11-12-2017,225.8999939,
12-12-2017,224,
13-12-2017,220.3999939,
14-12-2017,218.6000061,
15-12-2017,214.8999939,
16-12-2017,211.8000031,
17-12-2017,207.8999939,
18-12-2017,205.1999969,
19-12-2017,203.8999939,
20-12-2017,201.3999939,
21-12-2017,200,
22-12-2017,197.8000031,
23-12-2017,196.3999939,
24-12-2017,194,
25-12-2017,192.8000031,
26-12-2017,191.6000061,
27-12-2017,190.3000031,
28-12-2017,190.1999969,
29-12-2017,188.1000061,
30-12-2017,186.6999969,
31-12-2017,185.3000031,
1-1-2018,183.1000061,
2-1-2018,182.8999939,
3-1-2018,182.8000031,
4-1-2018,180.6999969,
5-1-2018,179.3999939,
6-1-2018,176.8999939,
7-1-2018,175.5,
8-1-2018,173.3000031,
9-1-2018,171.8999939,
10-1-2018,170.6999969,
11-1-2018,169.5,
12-1-2018,180,
13-1-2018,222.3999939,
14-1-2018,245.5,
15-1-2018,245.1000061,
16-1-2018,242.1999969,
17-1-2018,239.5,
18-1-2018,239.3000031,
19-1-2018,242.1999969,
20-1-2018,247.5,
21-1-2018,254.5,
22-1-2018,260.8999939,
23-1-2018,256.1000061,
24-1-2018,253.1999969,
25-1-2018,250.5,
26-1-2018,247.5,
27-1-2018,243.6000061,
28-1-2018,240.8999939,
29-1-2018,236.6999969,
30-1-2018,231.3000031,
31-1-2018,225.8999939,
1-2-2018,221.5,
2-2-2018,217,
3-2-2018,222.3999939,
4-2-2018,227.3000031,
5-2-2018,249.1999969,
6-2-2018,252.8000031,
7-2-2018,243.1999969,
8-2-2018,218.1000061,
9-2-2018,199.6000061,
10-2-2018,195.6000061,
11-2-2018,221.3000031,
12-2-2018,238.8999939,
13-2-2018,246.1000061,
14-2-2018,251.3999939,
15-2-2018,252,
16-2-2018,259.8999939,
17-2-2018,297.2000122,
18-2-2018,315,
19-2-2018,301.2000122,
20-2-2018,295.1000061,
21-2-2018,282,
22-2-2018,255.8999939,
23-2-2018,250.3000031,
24-2-2018,245.3999939,
25-2-2018,253.5,
26-2-2018,276.3999939,
27-2-2018,295.5,
28-2-2018,318.7999878,
1-3-2018,297.1000061,
2-3-2018,306.8999939,
3-3-2018,323.1000061,
4-3-2018,351.8999939,
5-3-2018,362.7000122,
6-3-2018,351.7999878,
7-3-2018,324.1000061,
8-3-2018,305.6000061,
9-3-2018,297.3999939,
10-3-2018,319,
11-3-2018,371.7000122,
12-3-2018,386.7000122,
13-3-2018,384.7999878,
14-3-2018,380.7999878,
15-3-2018,375.6000061,
16-3-2018,370.7999878,
17-3-2018,369.1000061,
18-3-2018,386.6000061,
19-3-2018,389.6000061,
20-3-2018,380.7999878,
21-3-2018,374.1000061,
22-3-2018,367,
23-3-2018,340,
24-3-2018,295.8999939,
25-3-2018,258.8999939,
26-3-2018,221.3000031,
27-3-2018,204.1999969,
28-3-2018,275.5,
29-3-2018,353.2999878,
30-3-2018,334,
31-3-2018,326.2999878,
1-4-2018,320.6000061,
2-4-2018,317.5,
3-4-2018,314.7000122,
4-4-2018,316.3999939,
5-4-2018,334.5,
6-4-2018,357.5,
7-4-2018,371.6000061,
8-4-2018,369.6000061,
9-4-2018,361.1000061,
10-4-2018,352.3999939,
11-4-2018,343.7000122,
12-4-2018,341.3999939,
13-4-2018,354.8999939,
14-4-2018,366.2000122,
15-4-2018,369.1000061,
16-4-2018,361,
17-4-2018,348.2000122,
18-4-2018,335.2999878,
19-4-2018,326.2999878,
20-4-2018,317.7999878,
21-4-2018,313.2999878,
22-4-2018,309,
23-4-2018,300.8999939,
24-4-2018,298.2999878,
25-4-2018,306,
26-4-2018,314.6000061,
27-4-2018,327,
28-4-2018,333,
29-4-2018,329,
30-4-2018,320.7000122,
1-5-2018,316.3999939,
2-5-2018,317,
3-5-2018,310.7000122,
4-5-2018,307.7000122,
5-5-2018,303.7000122,
6-5-2018,300.7999878,
7-5-2018,304.7999878,
8-5-2018,314.7999878,
9-5-2018,328.2000122,
10-5-2018,334.8999939,
11-5-2018,341.7999878,
12-5-2018,346.5,
13-5-2018,354.5,
14-5-2018,352.2000122,
15-5-2018,342.2000122,
16-5-2018,329.2999878,
17-5-2018,318,
18-5-2018,312.2000122,
19-5-2018,316,
20-5-2018,322.5,
21-5-2018,315,
22-5-2018,310.2999878,
23-5-2018,304.1000061,
24-5-2018,306.3999939,
25-5-2018,317.1000061,
26-5-2018,329.1000061,
27-5-2018,348.7999878,
28-5-2018,361.2000122,
29-5-2018,350.8999939,
30-5-2018,332.3999939,
31-5-2018,315.8999939,
1-6-2018,320.7999878,
2-6-2018,350.5,
3-6-2018,434.5,
4-6-2018,451.6000061,
5-6-2018,408.7000122,
6-6-2018,391.7000122,
7-6-2018,396,
8-6-2018,452.2999878,
9-6-2018,470.2999878,
10-6-2018,447.8999939,
11-6-2018,422.5,
12-6-2018,404.1000061,
13-6-2018,394.8999939,
14-6-2018,397.2999878,
15-6-2018,406.8999939,
16-6-2018,429.2999878,
17-6-2018,448.8999939,
18-6-2018,431.8999939,
19-6-2018,413.3999939,
20-6-2018,405.1000061,
21-6-2018,399.5,
22-6-2018,403.7000122,
23-6-2018,415.8999939,
24-6-2018,435.8999939,
25-6-2018,436.2999878,
26-6-2018,431.1000061,
27-6-2018,438.5,
28-6-2018,463.1000061,
29-6-2018,457.5,
30-6-2018,444.7000122,
1-7-2018,436.7000122,
2-7-2018,441.2000122,
3-7-2018,498.3999939,
4-7-2018,615.0999756,
5-7-2018,659.7999878,
6-7-2018,646.5999756,
7-7-2018,695.9000244,
8-7-2018,690.0999756,
9-7-2018,782.7999878,
10-7-2018,979.4000244,
11-7-2018,966.2999878,
12-7-2018,815.7999878,
13-7-2018,693.5,
14-7-2018,651.5,
15-7-2018,601.9000244,
16-7-2018,578.2999878,
17-7-2018,614.2999878,
18-7-2018,619.9000244,
19-7-2018,603.0999756,
20-7-2018,551.9000244,
21-7-2018,359.6000061,
22-7-2018,754.9000244,
23-7-2018,736.7999878,
24-7-2018,772.7999878,
25-7-2018,830.2000122,
26-7-2018,792.2000122,
27-7-2018,714.5,
28-7-2018,696.7000122,
29-7-2018,780.0999756,
30-7-2018,910.4000244,
31-7-2018,837.2000122,
1-8-2018,784.2000122,
2-8-2018,777.0999756,
3-8-2018,778.0999756,
4-8-2018,805.7999878,
5-8-2018,1148,
6-8-2018,890.4000244,
7-8-2018,1037,
8-8-2018,1107,
9-8-2018,1287,
10-8-2018,1376,
11-8-2018,1509,
12-8-2018,1413,
13-8-2018,1338,
14-8-2018,1198,
15-8-2018,1147,
16-8-2018,1144,
17-8-2018,1118,
18-8-2018,1126,
19-8-2018,1173,
20-8-2018,1237,
21-8-2018,1375,
22-8-2018,1271,
23-8-2018,1256,
24-8-2018,1307,
25-8-2018,1444,
26-8-2018,1393,
27-8-2018,1388,
28-8-2018,1388,
29-8-2018,1495,
30-8-2018,2122,
31-8-2018,2356,
1-9-2018,2072,
2-9-2018,1860,
3-9-2018,2108,
4-9-2018,2222,
5-9-2018,2072,
6-9-2018,2192,
7-9-2018,2406,
8-9-2018,2350,
9-9-2018,2115,
10-9-2018,1971,
11-9-2018,1949,
12-9-2018,2004,
13-9-2018,2133,
14-9-2018,1884,
15-9-2018,1679,
16-9-2018,1629,
17-9-2018,1503,
18-9-2018,1425,
19-9-2018,1392,
20-9-2018,1384,
21-9-2018,1324,
22-9-2018,1226,
23-9-2018,1187,
24-9-2018,1202,
25-9-2018,1181,
26-9-2018,1173,
27-9-2018,1249,
28-9-2018,1205,
29-9-2018,1145,
30-9-2018,1073,
1-10-2018,988.2999878,
2-10-2018,982.4000244,
3-10-2018,975.9000244,
4-10-2018,966.4000244,
5-10-2018,957.2999878,
6-10-2018,924.7000122,
7-10-2018,877.9000244,
8-10-2018,819.7000122,
9-10-2018,796.5999756,
10-10-2018,763,
11-10-2018,782.4000244,
12-10-2018,748,
13-10-2018,700.7999878,
14-10-2018,664.5,
15-10-2018,632.4000244,
16-10-2018,612.0999756,
17-10-2018,629.9000244,
18-10-2018,689.9000244,
19-10-2018,659.2999878,
20-10-2018,654,
21-10-2018,674.7000122,
22-10-2018,645.7999878,
23-10-2018,635,
24-10-2018,626.2000122,
25-10-2018,623.2000122,
26-10-2018,614.7999878,
27-10-2018,650.2000122,
28-10-2018,694.2000122,
29-10-2018,695.7000122,
30-10-2018,679.0999756,
31-10-2018,661.2999878,
1-11-2018,647.9000244,
2-11-2018,649.0999756,
3-11-2018,653.5,
4-11-2018,645.5999756,
5-11-2018,634.7999878,
6-11-2018,619,
7-11-2018,609.5999756,
8-11-2018,595.5999756,
9-11-2018,560.5,
10-11-2018,522.7000122,
11-11-2018,493.5,
12-11-2018,463.3999939,
13-11-2018,430.2999878,
14-11-2018,420.3999939,
15-11-2018,410,
16-11-2018,405.8999939,
17-11-2018,427.5,
18-11-2018,445.1000061,
19-11-2018,447,
20-11-2018,427.7999878,
21-11-2018,415.7999878,
22-11-2018,397.7999878,
23-11-2018,406.2999878,
24-11-2018,427.8999939,
25-11-2018,429.7999878,
26-11-2018,428,
27-11-2018,419.5,
28-11-2018,415.7000122,
29-11-2018,408.1000061,
30-11-2018,397.7999878,
1-12-2018,393.8999939,
2-12-2018,386.5,
3-12-2018,377.7000122,
4-12-2018,371.1000061,
5-12-2018,365.3999939,
6-12-2018,360.8999939,
7-12-2018,351.3999939,
8-12-2018,343.6000061,
9-12-2018,334.7999878,
10-12-2018,326.5,
11-12-2018,319.1000061,
12-12-2018,310.6000061,
13-12-2018,303.5,
14-12-2018,297.8999939,
15-12-2018,293.7000122,
16-12-2018,289.5,
17-12-2018,282.6000061,
18-12-2018,275.7000122,
19-12-2018,272.7000122,
20-12-2018,271,
21-12-2018,268.6000061,
22-12-2018,266.8999939,
23-12-2018,261.7000122,
24-12-2018,260,
25-12-2018,258.5,
26-12-2018,251.8999939,
27-12-2018,245.1000061,
28-12-2018,242,
29-12-2018,238.1000061,
30-12-2018,234.1000061,
31-12-2018,231.1999969,
1-1-2019,229.8000031,
2-1-2019,228.5,
3-1-2019,225.6999969,
4-1-2019,222.8999939,
5-1-2019,225.6999969,
6-1-2019,321.7999878,
7-1-2019,387.3999939,
8-1-2019,362.1000061,
9-1-2019,320.8999939,
10-1-2019,252.6999969,
11-1-2019,216.6999969,
12-1-2019,203.1999969,
13-1-2019,231.8999939,
14-1-2019,214.6999969,
15-1-2019,198.1000061,
16-1-2019,188.1000061,
17-1-2019,179.6000061,
18-1-2019,237.6000061,
19-1-2019,647.7999878,
20-1-2019,171.8999939,
21-1-2019,170.6999969,
22-1-2019,169.3999939,
23-1-2019,166,
24-1-2019,168.5,
25-1-2019,215.1999969,
26-1-2019,236.1000061,
27-1-2019,247.3999939,
28-1-2019,214.8000031,
29-1-2019,205.3999939,
30-1-2019,205,
31-1-2019,203.8999939,
1-2-2019,201.3999939,
2-2-2019,200.1000061,
3-2-2019,198.8999939,
4-2-2019,197.6000061,
5-2-2019,197.6000061,
6-2-2019,197.6000061,
7-2-2019,197.6000061,
8-2-2019,197.6000061,
9-2-2019,197.6000061,
10-2-2019,197.6000061,
11-2-2019,196.3999939,
12-2-2019,195.1999969,
13-2-2019,201.5,
14-2-2019,212.8000031,
15-2-2019,213.1999969,
16-2-2019,211.8999939,
17-2-2019,210.5,
18-2-2019,210.5,
19-2-2019,209.1999969,
20-2-2019,206.5,
21-2-2019,205,
22-2-2019,203.3000031,
23-2-2019,212,
24-2-2019,210.8999939,
25-2-2019,209.1999969,
26-2-2019,206.3000031,
27-2-2019,202.6000061,
28-2-2019,200.3000031,
1-3-2019,200.5,
2-3-2019,210.1000061,
3-3-2019,218.3999939,
4-3-2019,217.5,
5-3-2019,216,
6-3-2019,215.8000031,
7-3-2019,213.3999939,
8-3-2019,212.1999969,
9-3-2019,218,
10-3-2019,218.8999939,
11-3-2019,216.1000061,
12-3-2019,213.3999939,
13-3-2019,211.8999939,
14-3-2019,209.1999969,
15-3-2019,212,
16-3-2019,222.1999969,
17-3-2019,220.3999939,
18-3-2019,217.5,
19-3-2019,216,
20-3-2019,221.3000031,
21-3-2019,226.8000031,
22-3-2019,223.1000061,
23-3-2019,221.5,
24-3-2019,220,
25-3-2019,216.1999969,
26-3-2019,214.6999969,
27-3-2019,211.8999939,
28-3-2019,210.3000031,
29-3-2019,208.1999969,
30-3-2019,214.3999939,
31-3-2019,221.1000061,
1-4-2019,219,
2-4-2019,217.5,
3-4-2019,214.6999969,
4-4-2019,213,
5-4-2019,211.1999969,
6-4-2019,220.8999939,
7-4-2019,225.3999939,
8-4-2019,222.8999939,
9-4-2019,220.1999969,
10-4-2019,217.5,
11-4-2019,215.8000031,
12-4-2019,213.6999969,
13-4-2019,222.5,
14-4-2019,228.1000061,
15-4-2019,224.3999939,
16-4-2019,222.8999939,
17-4-2019,221.3000031,
18-4-2019,218.8999939,
19-4-2019,215,
20-4-2019,218.3999939,
21-4-2019,220.1999969,
22-4-2019,218.6000061,
23-4-2019,216.1999969,
24-4-2019,214.6999969,
25-4-2019,213,
26-4-2019,213.6999969,
27-4-2019,221.1000061,
28-4-2019,221.5,
29-4-2019,220.1999969,
30-4-2019,218.8000031,
1-5-2019,217.5,
2-5-2019,214.8000031,
3-5-2019,217.3000031,
4-5-2019,221.3000031,
5-5-2019,221.5,
6-5-2019,221.5,
7-5-2019,223,
8-5-2019,226.8000031,
9-5-2019,226.8000031,
10-5-2019,225.8999939,
11-5-2019,233.6999969,
12-5-2019,239.1000061,
13-5-2019,235.3999939,
14-5-2019,299.6000061,
15-5-2019,375.7999878,
16-5-2019,387.8999939,
17-5-2019,400.7999878,
18-5-2019,389.8999939,
19-5-2019,380.6000061,
20-5-2019,375.6000061,
21-5-2019,366.6000061,
22-5-2019,347.1000061,
23-5-2019,339.3999939,
24-5-2019,345.2999878,
25-5-2019,367.1000061,
26-5-2019,372.8999939,
27-5-2019,369.7000122,
28-5-2019,368,
29-5-2019,365.5,
30-5-2019,380.7999878,
31-5-2019,417.3999939,
1-6-2019,423.6000061,
2-6-2019,412.7999878,
3-6-2019,394.3999939,
4-6-2019,376.2000122,
5-6-2019,369.8999939,
6-6-2019,374.1000061,
7-6-2019,383.2000122,
8-6-2019,391,
9-6-2019,404.3999939,
10-6-2019,402,
11-6-2019,389.8999939,
12-6-2019,384.8999939,
13-6-2019,377.1000061,
14-6-2019,347.7999878,
15-6-2019,387.6000061,
16-6-2019,404,
17-6-2019,391.2999878,
18-6-2019,381.8999939,
19-6-2019,371.3999939,
20-6-2019,358.6000061,
21-6-2019,379.3999939,
22-6-2019,425,
23-6-2019,425.7999878,
24-6-2019,421.3999939,
25-6-2019,398,
26-6-2019,329.1000061,
27-6-2019,332.7000122,
28-6-2019,399.2000122,
29-6-2019,435.7999878,
30-6-2019,456.1000061,
1-7-2019,430.8999939,
2-7-2019,409.8999939,
3-7-2019,388.2999878,
4-7-2019,399.5,
5-7-2019,418.2000122,
6-7-2019,396.6000061,
7-7-2019,397.6000061,
8-7-2019,390.7000122,
9-7-2019,391.8999939,
10-7-2019,391.3999939,
11-7-2019,425.3999939,
12-7-2019,466.7999878,
13-7-2019,514.5999756,
14-7-2019,551.9000244,
15-7-2019,518.2000122,
16-7-2019,530.5999756,
17-7-2019,473.6000061,
18-7-2019,422.2000122,
19-7-2019,430.5,
20-7-2019,467.7999878,
21-7-2019,468.6000061,
22-7-2019,512.7999878,
23-7-2019,508.3999939,
24-7-2019,494,
25-7-2019,526.4000244,
26-7-2019,525.7999878,
27-7-2019,539.9000244,
28-7-2019,545.2999878,
29-7-2019,544.4000244,
30-7-2019,521.4000244,
31-7-2019,,
1-8-2019,,
2-8-2019,874.7999878,
3-8-2019,826,
4-8-2019,792.9000244,
5-8-2019,597.5,
6-8-2019,385.3999939,
7-8-2019,386.2000122,
8-8-2019,400,
9-8-2019,525.0999756,
10-8-2019,610.0999756,
11-8-2019,699.0999756,
12-8-2019,809.2000122,
13-8-2019,805.4000244,
14-8-2019,756.5999756,
15-8-2019,694,
16-8-2019,604.5,
17-8-2019,564.5,
18-8-2019,587.9000244,
19-8-2019,736.5,
20-8-2019,934,
21-8-2019,861.9000244,
22-8-2019,812.7000122,
23-8-2019,812.2999878,
24-8-2019,841,
25-8-2019,971,
26-8-2019,1592,
27-8-2019,2839,
28-8-2019,2579,
29-8-2019,2284,
30-8-2019,2321,
31-8-2019,2804,
1-9-2019,2970,
2-9-2019,2500,
3-9-2019,2186,
4-9-2019,2056,
5-9-2019,1822,
6-9-2019,1672,
7-9-2019,1725,
8-9-2019,1900,
9-9-2019,2012,
10-9-2019,1918,
11-9-2019,1691,
12-9-2019,1544,
13-9-2019,1477,
14-9-2019,1358,
15-9-2019,1257,
16-9-2019,1170,
17-9-2019,1149,
18-9-2019,1168,
19-9-2019,1162,
20-9-2019,1097,
21-9-2019,1176,
22-9-2019,1171,
23-9-2019,1148,
24-9-2019,1102,
25-9-2019,1065,
26-9-2019,1026,
27-9-2019,919.9000244,
28-9-2019,831.5999756,
29-9-2019,771.4000244,
30-9-2019,723.7000122,
1-10-2019,695.7999878,
2-10-2019,627.2999878,
3-10-2019,650.2999878,
4-10-2019,739.7999878,
5-10-2019,718,
6-10-2019,641.0999756,
7-10-2019,597.2999878,
8-10-2019,576.2999878,
9-10-2019,606.0999756,
10-10-2019,693.2999878,
11-10-2019,733,
12-10-2019,678.7999878,
13-10-2019,629.0999756,
14-10-2019,601.2000122,
15-10-2019,585,
16-10-2019,574,
17-10-2019,575.9000244,
18-10-2019,581.5999756,
19-10-2019,558.9000244,
20-10-2019,537.9000244,
21-10-2019,516.2999878,
22-10-2019,497.3999939,
23-10-2019,474,
24-10-2019,435.3999939,
25-10-2019,389.7999878,
26-10-2019,359.3999939,
27-10-2019,393.2000122,
28-10-2019,392.8999939,
29-10-2019,349.5,
30-10-2019,324.8999939,
31-10-2019,301.2000122,
1-11-2019,301.7000122,
2-11-2019,328.7999878,
3-11-2019,320.7000122,
4-11-2019,309.2999878,
5-11-2019,297.7000122,
6-11-2019,276.1000061,
7-11-2019,266,
8-11-2019,264.2999878,
9-11-2019,261.5,
10-11-2019,258.7000122,
11-11-2019,258.8999939,
12-11-2019,263.7999878,
13-11-2019,261.5,
14-11-2019,261.5,
15-11-2019,265.3999939,
16-11-2019,264.3999939,
17-11-2019,262.7000122,
18-11-2019,261.2999878,
19-11-2019,262.7999878,
20-11-2019,264.1000061,
21-11-2019,264.2999878,
22-11-2019,262.6000061,
23-11-2019,260.2000122,
24-11-2019,258.7000122,
25-11-2019,255.8999939,
26-11-2019,254.3000031,
27-11-2019,252,
28-11-2019,250.3000031,
29-11-2019,245,
30-11-2019,240.8999939,
1-12-2019,236.8999939,
2-12-2019,233.8000031,
3-12-2019,228.6999969,
4-12-2019,226.8000031,
5-12-2019,223.1000061,
6-12-2019,227.8999939,
7-12-2019,231.3000031,
8-12-2019,225.8999939,
9-12-2019,222.8999939,
10-12-2019,220,
11-12-2019,216.1000061,
12-12-2019,213.3000031,
13-12-2019,210.6999969,
14-12-2019,209.1999969,
15-12-2019,206.5,
16-12-2019,203.8999939,
17-12-2019,200.1000061,
18-12-2019,194.1999969,
19-12-2019,191.5,
20-12-2019,187.8999939,
21-12-2019,185.6000061,
22-12-2019,184.1999969,
23-12-2019,182.8999939,
24-12-2019,181.6999969,
25-12-2019,179.3999939,
26-12-2019,176.8999939,
27-12-2019,174.3999939,
28-12-2019,173,
29-12-2019,170.8999939,
30-12-2019,169.5,
31-12-2019,168.1999969,
1-1-2020,167,
2-1-2020,164.6999969,
3-1-2020,163.3999939,
4-1-2020,162.1999969,
5-1-2020,159.6999969,
6-1-2020,157.1999969,
7-1-2020,154.8999939,
8-1-2020,158.8000031,
9-1-2020,178.8999939,
10-1-2020,200.8999939,
11-1-2020,217,
12-1-2020,233.6000061,
13-1-2020,246.8999939,
14-1-2020,248.8000031,
15-1-2020,246.3999939,
16-1-2020,245.5,
17-1-2020,243.5,
18-1-2020,241,
19-1-2020,239.5,
20-1-2020,237.8000031,
21-1-2020,235.3999939,
22-1-2020,233.8999939,
23-1-2020,231.1999969,
24-1-2020,229.6000061,
25-1-2020,227.1999969,
26-1-2020,225.6999969,
27-1-2020,224,
28-1-2020,221,
29-1-2020,218.8999939,
30-1-2020,218.6000061,
31-1-2020,216.1999969,
1-2-2020,214.6999969,
2-2-2020,211.8999939,
3-2-2020,209.1999969,
4-2-2020,207.6000061,
5-2-2020,205.1999969,
6-2-2020,203.6999969,
7-2-2020,200.1999969,
8-2-2020,197.8000031,
9-2-2020,196.3999939,
10-2-2020,194,
11-2-2020,192.8000031,
12-2-2020,191.6000061,
13-2-2020,189.1999969,
14-2-2020,186.6000061,
15-2-2020,183,
16-2-2020,180.5,
17-2-2020,177.1000061,
18-2-2020,175.5,
19-2-2020,173.1999969,
20-2-2020,170.6999969,
21-2-2020,168.3999939,
22-2-2020,166.8999939,
23-2-2020,163.6000061,
24-2-2020,162.1999969,
25-2-2020,160.8000031,
26-2-2020,158.5,
27-2-2020,156.1999969,
28-2-2020,220.8999939,
29-2-2020,284.3999939,
1-3-2020,246,
2-3-2020,218.1999969,
3-3-2020,213.3000031,
4-3-2020,209.3999939,
5-3-2020,229,
6-3-2020,269,
7-3-2020,259.1000061,
8-3-2020,249.3000031,
9-3-2020,244.8000031,
10-3-2020,240.8999939,
11-3-2020,236.8999939,
12-3-2020,235,
13-3-2020,276.7000122,
14-3-2020,325.7000122,
15-3-2020,289.2999878,
16-3-2020,269.1000061,
17-3-2020,261.2999878,
18-3-2020,256,
19-3-2020,252,
20-3-2020,250.5,
21-3-2020,247.6999969,
22-3-2020,246.1999969,
23-3-2020,243.6000061,
24-3-2020,239.3000031,
25-3-2020,235.3999939,
26-3-2020,233.8999939,
27-3-2020,231.1999969,
28-3-2020,229.6000061,
29-3-2020,227.1000061,
30-3-2020,223.1000061,
31-3-2020,221.3000031,
1-4-2020,217.6999969,
2-4-2020,214.6999969,
3-4-2020,217.3000031,
4-4-2020,221.3999939,
5-4-2020,217.5,
6-4-2020,214.6999969,
7-4-2020,211.8999939,
8-4-2020,209.1999969,
9-4-2020,206.5,
10-4-2020,214,
11-4-2020,220.3999939,
12-4-2020,217.3000031,
13-4-2020,213.3000031,
14-4-2020,210.6999969,
15-4-2020,209.1999969,
16-4-2020,224.5,
17-4-2020,285.3999939,
18-4-2020,265.1000061,
19-4-2020,245.3999939,
20-4-2020,231.6999969,
21-4-2020,225.5,
22-4-2020,220.3999939,
23-4-2020,218.6000061,
24-4-2020,223.5,
25-4-2020,251,
26-4-2020,251.3999939,
27-4-2020,243.8000031,
28-4-2020,239.3000031,
29-4-2020,232.5,
30-4-2020,223.3000031,
1-5-2020,237.3000031,
2-5-2020,285.3999939,
3-5-2020,285.8999939,
4-5-2020,269.7999878,
5-5-2020,259.2999878,
6-5-2020,253,
7-5-2020,246.6000061,
8-5-2020,243.3000031,
9-5-2020,239.6999969,
10-5-2020,236.5,
11-5-2020,268.3999939,
12-5-2020,292.6000061,
13-5-2020,283.3999939,
14-5-2020,308.5,
15-5-2020,334,
16-5-2020,339.7000122,
17-5-2020,321.3999939,
18-5-2020,315.8999939,
19-5-2020,299.7000122,
20-5-2020,310.3999939,
21-5-2020,359.2999878,
22-5-2020,372.1000061,
23-5-2020,362.8999939,
24-5-2020,370.8999939,
25-5-2020,379.7999878,
26-5-2020,373.8999939,
27-5-2020,355.2000122,
28-5-2020,325.6000061,
29-5-2020,329.2000122,
30-5-2020,361.5,
31-5-2020,394.2999878,
1-6-2020,375.2999878,
2-6-2020,342.8999939,
3-6-2020,315.2999878,
4-6-2020,303.2999878,
5-6-2020,327.2000122,
6-6-2020,354.8999939,
7-6-2020,351.2999878,
8-6-2020,334.8999939,
9-6-2020,315,
10-6-2020,301,
11-6-2020,307.2999878,
12-6-2020,342.1000061,
13-6-2020,351.7000122,
14-6-2020,356.5,
15-6-2020,388.2999878,
16-6-2020,366.1000061,
17-6-2020,326.1000061,
18-6-2020,333.3999939,
19-6-2020,382.6000061,
20-6-2020,389,
21-6-2020,370.5,
22-6-2020,383.7000122,
23-6-2020,346.2999878,
24-6-2020,325.5,
25-6-2020,335.6000061,
26-6-2020,377.2999878,
27-6-2020,407.7000122,
28-6-2020,501,
29-6-2020,577.2999878,
30-6-2020,485.2999878,
1-7-2020,468.6000061,
2-7-2020,480,
3-7-2020,469.2000122,
4-7-2020,441.8999939,
5-7-2020,431.3999939,
6-7-2020,426.1000061,
7-7-2020,406.3999939,
8-7-2020,399.7999878,
9-7-2020,396.3999939,
10-7-2020,402.7999878,
11-7-2020,398.8999939,
12-7-2020,394.2999878,
13-7-2020,397.5,
14-7-2020,413.7000122,
15-7-2020,414.3999939,
16-7-2020,461.1000061,
17-7-2020,577.5999756,
18-7-2020,638.7999878,
19-7-2020,690.4000244,
20-7-2020,715.0999756,
21-7-2020,712.5,
22-7-2020,715.5,
23-7-2020,717.5999756,
24-7-2020,689.2000122,
25-7-2020,684.4000244,
26-7-2020,671.5999756,
27-7-2020,666.2000122,
28-7-2020,640.5999756,
29-7-2020,603.7999878,
30-7-2020,653.5,
31-7-2020,895.7999878,
1-8-2020,951.7000122,
2-8-2020,875.2999878,
3-8-2020,736.2999878,
4-8-2020,728.2999878,
5-8-2020,741,
6-8-2020,763.0999756,
7-8-2020,737.5999756,
8-8-2020,710.7000122,
9-8-2020,699.5,
10-8-2020,749.2999878,
11-8-2020,720.7999878,
12-8-2020,660,
13-8-2020,688.2000122,
14-8-2020,738.2999878,
15-8-2020,810.7999878,
16-8-2020,1035,
17-8-2020,1359,
18-8-2020,1308,
19-8-2020,1207,
20-8-2020,989.5999756,
21-8-2020,897.5,
22-8-2020,866.0999756,
23-8-2020,835.4000244,
24-8-2020,783.2999878,
25-8-2020,723.9000244,
26-8-2020,706.9000244,
27-8-2020,722.5,
28-8-2020,807.5,
29-8-2020,843.0999756,
30-8-2020,819.5,